root,/m/0dgw9r
/m/0dgw9r,/m/09l8g
/m/09l8g,/m/09x0r
/m/09x0r,/m/05zppz
/m/09x0r,/m/02zsn
/m/09x0r,/m/0ytgt
/m/09x0r,/m/01h8n0
/m/09x0r,/m/02qldy
/m/09x0r,/m/0261r1
/m/09x0r,/m/0brhx
/m/09l8g,/m/07p6fty
/m/07p6fty,/m/07q4ntr
/m/07p6fty,/m/07rwj3x
/m/07p6fty,/m/07sr1lc
/m/07p6fty,/m/04gy_2
/m/09l8g,/m/03qc9zr
/m/09l8g,/m/02rtxlg
/m/09l8g,/m/01j3sz
/m/01j3sz,/t/dd00001
/m/01j3sz,/m/07r660_
/m/01j3sz,/m/07s04w4
/m/01j3sz,/m/07sq110
/m/01j3sz,/m/07rgt08
/m/09l8g,/m/0463cq4
/m/0463cq4,/t/dd00002
/m/0463cq4,/m/07qz6j3
/m/09l8g,/m/07qw_06
/m/09l8g,/m/07plz5l
/m/09l8g,/m/015lz1
/m/015lz1,/m/01swy6
/m/015lz1,/t/dd00003
/m/015lz1,/t/dd00004
/m/015lz1,/t/dd00005
/m/015lz1,/t/dd00006
/m/015lz1,/m/06bxc
/m/09l8g,/m/02fxyj
/m/09l8g,/m/07s2xch
/m/09l8g,/m/07r4k75
/m/0dgw9r,/m/01w250
/m/0dgw9r,/m/09hlz4
/m/09hlz4,/m/0lyf6
/m/0lyf6,/m/07mzm6
/m/0lyf6,/m/01d3sd
/m/0lyf6,/m/07s0dtb
/m/0lyf6,/m/07pyy8b
/m/0lyf6,/m/07q0yl5
/m/09hlz4,/m/01b_21
/m/01b_21,/m/0dl9sf8
/m/09hlz4,/m/01hsr_
/m/09hlz4,/m/07ppn3j
/m/0dgw9r,/m/0bpl036
/m/0bpl036,/m/06h7j
/m/0bpl036,/m/07qv_x_
/m/0bpl036,/m/07pbtc8
/m/0dgw9r,/m/0160x5
/m/0160x5,/m/03cczk
/m/0160x5,/m/07pdhp0
/m/0160x5,/m/0939n_
/m/0160x5,/m/01g90h
/m/0160x5,/m/03q5_w
/m/0160x5,/m/02p3nc
/m/0160x5,/m/02_nn
/m/0dgw9r,/m/0k65p
/m/0k65p,/m/025_jnm
/m/0dgw9r,/m/01jg02
/m/0dgw9r,/t/dd00012
/t/dd00012,/m/053hz1
/t/dd00012,/m/028ght
/t/dd00012,/m/07rkbfh
/t/dd00012,/m/03qtwd
/t/dd00012,/t/dd00013
root,/m/0jbk
/m/0jbk,/m/068hy
/m/068hy,/m/0bt9lr
/m/0bt9lr,/m/05tny_
/m/0bt9lr,/m/07r_k2n
/m/0bt9lr,/m/07rc7d9
/m/0bt9lr,/t/dd00136
/m/068hy,/m/01yrx
/m/01yrx,/m/02yds9
/m/01yrx,/m/07qrkrw
/m/01yrx,/m/07r81j2
/m/0jbk,/m/0ch8v
/m/0ch8v,/m/03k3r
/m/03k3r,/m/07q5rw0
/m/0ch8v,/m/01xq0k1
/m/01xq0k1,/m/07rpkh9
/m/0ch8v,/m/068zj
/m/068zj,/t/dd00018
/m/0ch8v,/m/03fwl
/m/0ch8v,/m/07bgp
/m/0ch8v,/m/025rv6n
/m/025rv6n,/m/09b5t
/m/09b5t,/m/07st89h
/m/09b5t,/m/07qn5dc
/m/025rv6n,/m/01rd7k
/m/01rd7k,/m/07svc2k
/m/025rv6n,/m/09ddx
/m/09ddx,/m/07qdb04
/m/025rv6n,/m/0dbvp
/m/0dbvp,/m/07qwf61
/m/0jbk,/m/01280g
/m/01280g,/m/0cdnk
/m/0cdnk,/m/04cvmfc
/m/01280g,/m/015p6
/m/015p6,/m/020bb7
/m/020bb7,/m/07sx8x_
/m/015p6,/m/0h0rv
/m/0h0rv,/m/07r_25d
/m/015p6,/m/04s8yn
/m/04s8yn,/m/07r5c2p
/m/015p6,/m/09d5_
/m/09d5_,/m/07r_80w
/m/015p6,/m/05_wcq
/m/01280g,/m/01z5f
/m/01280g,/m/06hps
/m/06hps,/m/04rmv
/m/01280g,/m/03vt0
/m/03vt0,/m/09xqv
/m/03vt0,/m/09f96
/m/03vt0,/m/0h2mp
/m/03vt0,/m/01h3n
/m/01280g,/m/09ld4
/m/09ld4,/m/07st88b
/m/01280g,/m/078jl
/m/01280g,/m/032n05
root,/m/04rlf
/m/04rlf,/m/04szw
/m/04szw,/m/0fx80y
/m/0fx80y,/m/0342h
/m/0342h,/m/02sgy
/m/0342h,/m/018vs
/m/0342h,/m/042v_gx
/m/0342h,/m/06w87
/m/0342h,/m/01glhc
/m/0342h,/m/07s0s5r
/m/0fx80y,/m/018j2
/m/0fx80y,/m/0jtg0
/m/0fx80y,/m/04rzd
/m/0fx80y,/m/01bns_
/m/0fx80y,/m/07xzm
/m/04szw,/m/05148p4
/m/05148p4,/m/05r5c
/m/05r5c,/m/01s0ps
/m/05148p4,/m/013y1f
/m/013y1f,/m/03xq_f
/m/013y1f,/m/03gvt
/m/05148p4,/m/0l14qv
/m/0l14qv,/m/01v1d8
/m/05148p4,/m/03q5t
/m/04szw,/m/0l14md
/m/0l14md,/m/02hnl
/m/02hnl,/m/0cfdd
/m/0l14md,/m/026t6
/m/026t6,/m/06rvn
/m/06rvn,/m/03t3fj
/m/06rvn,/m/02k_mr
/m/026t6,/m/0bm02
/m/026t6,/m/011k_j
/m/026t6,/m/01p970
/m/0l14md,/m/01qbl
/m/01qbl,/m/03qtq
/m/0l14md,/m/01sm1g
/m/0l14md,/m/07brj
/m/0l14md,/m/05r5wn
/m/05r5wn,/m/0xzly
/m/0l14md,/m/0mbct
/m/0l14md,/m/016622
/m/0l14md,/m/0j45pbj
/m/0j45pbj,/m/0dwsp
/m/0j45pbj,/m/0dwtp
/m/0j45pbj,/m/0dwt5
/m/0j45pbj,/m/0l156b
/m/04szw,/m/05pd6
/m/04szw,/m/01kcd
/m/01kcd,/m/0319l
/m/01kcd,/m/07gql
/m/01kcd,/m/07c6l
/m/04szw,/m/0l14_3
/m/0l14_3,/m/02qmj0d
/m/0l14_3,/m/07y_7
/m/07y_7,/m/0d8_n
/m/0l14_3,/m/01xqw
/m/0l14_3,/m/02fsn
/m/04szw,/m/085jw
/m/085jw,/m/0l14j_
/m/085jw,/m/06ncr
/m/085jw,/m/01wy6
/m/04szw,/m/03m5k
/m/04szw,/m/03qjg
/m/04szw,/m/0mkg
/m/04szw,/m/0192l
/m/04szw,/m/02bxd
/m/04szw,/m/0l14l2
/m/04szw,/m/07kc_
/m/04szw,/m/0l14t7
/m/04szw,/m/01hgjl
/m/04rlf,/m/0kpv1t
/m/0kpv1t,/m/064t9
/m/0kpv1t,/m/0glt670
/m/0kpv1t,/m/06by7
/m/06by7,/m/03lty
/m/06by7,/m/05r6t
/m/06by7,/m/0dls3
/m/06by7,/m/0dl5d
/m/06by7,/m/07sbbz2
/m/06by7,/m/05w3f
/m/0kpv1t,/m/06j6l
/m/0kpv1t,/m/0gywn
/m/0kpv1t,/m/06cqb
/m/0kpv1t,/m/01lyv
/m/01lyv,/m/015y_n
/m/01lyv,/m/0gg8l
/m/0kpv1t,/m/02x8m
/m/0kpv1t,/m/02w4v
/m/0kpv1t,/m/06j64v
/m/0kpv1t,/m/03_d0
/m/0kpv1t,/m/026z9
/m/0kpv1t,/m/0ggq0m
/m/0ggq0m,/m/05lls
/m/0kpv1t,/m/02lkt
/m/02lkt,/m/03mb9
/m/02lkt,/m/07gxw
/m/02lkt,/m/07s72n
/m/02lkt,/m/0283d
/m/02lkt,/m/0m0jc
/m/02lkt,/m/08cyft
/m/02lkt,/m/0fd3y
/m/02lkt,/m/07lnk
/m/0kpv1t,/m/0g293
/m/0g293,/m/0ln16
/m/0g293,/m/0326g
/m/0kpv1t,/m/0155w
/m/0kpv1t,/m/05fw6t
/m/0kpv1t,/m/02v2lh
/m/0kpv1t,/m/0y4f8
/m/0y4f8,/m/0z9c
/m/0kpv1t,/m/0164x2
/m/0164x2,/m/0145m
/m/0kpv1t,/m/02mscn
/m/02mscn,/m/016cjb
/m/0kpv1t,/m/028sqc
/m/028sqc,/m/015vgc
/m/028sqc,/m/0dq0md
/m/0kpv1t,/m/06rqw
/m/0kpv1t,/m/02p0sh1
/m/0kpv1t,/m/05rwpb
/m/04rlf,/t/dd00028
/t/dd00028,/m/025td0t
/t/dd00028,/m/02cjck
/t/dd00028,/m/03r5q_
/t/dd00028,/m/0l14gg
/t/dd00028,/m/07pkxdp
/t/dd00028,/m/01z7dr
/t/dd00028,/m/0140xf
/t/dd00028,/m/0ggx5q
/t/dd00028,/m/04wptg
/m/04rlf,/t/dd00030
/t/dd00030,/t/dd00031
/t/dd00030,/t/dd00032
/t/dd00030,/t/dd00033
/t/dd00030,/t/dd00034
/t/dd00030,/t/dd00035
/t/dd00030,/t/dd00036
/t/dd00030,/t/dd00037
root,/m/059j3w
/m/059j3w,/m/03m9d0z
/m/03m9d0z,/m/09t49
/m/059j3w,/m/0jb2l
/m/0jb2l,/m/0ngt1
/m/059j3w,/m/0838f
/m/0838f,/m/06mb1
/m/06mb1,/m/07r10fb
/m/06mb1,/t/dd00038
/m/0838f,/m/0j6m2
/m/0838f,/m/0j2kx
/m/0838f,/m/05kq4
/m/05kq4,/m/034srq
/m/0838f,/m/06wzb
/m/0838f,/m/07swgks
/m/059j3w,/m/02_41
root,/t/dd00041
/t/dd00041,/m/07yv9
/m/07yv9,/m/019jd
/m/019jd,/m/0hsrw
/m/019jd,/m/056ks2
/m/019jd,/m/02rlv9
/m/019jd,/m/06q74
/m/07yv9,/m/012f08
/m/012f08,/m/0k4j
/m/0k4j,/m/04gxbd
/m/0k4j,/m/07rknqz
/m/0k4j,/m/0h9mv
/m/0k4j,/t/dd00134
/m/0k4j,/m/0ltv
/m/012f08,/m/07r04
/m/07r04,/m/0gvgw0
/m/07r04,/m/02rhddq
/m/07r04,/m/03cl9h
/m/012f08,/m/01bjv
/m/012f08,/m/03j1ly
/m/012f08,/m/04_sv
/m/012f08,/m/0btp2
/m/07yv9,/m/06d_3
/m/06d_3,/m/07jdr
/m/07jdr,/m/04zmvq
/m/07jdr,/m/0284vy3
/m/06d_3,/m/01g50p
/m/06d_3,/t/dd00048
/m/06d_3,/m/0195fx
/m/07yv9,/m/0k5j
/m/0k5j,/m/014yck
/m/014yck,/m/02l6bg
/m/0k5j,/m/09ct_
/m/0k5j,/m/0cmf2
/m/07yv9,/t/dd00061
/t/dd00061,/m/0199g
/t/dd00061,/m/06_fw
/t/dd00041,/m/02mk9
/m/02mk9,/t/dd00065
/t/dd00065,/m/01yg9g
/t/dd00065,/m/01j4z9
/m/02mk9,/t/dd00066
/m/02mk9,/t/dd00067
/m/02mk9,/t/dd00130
/m/02mk9,/m/07pb8fc
/m/02mk9,/m/07q2z82
/t/dd00041,/t/dd00071
/t/dd00071,/m/02dgv
/m/02dgv,/m/02y_763
/m/02dgv,/m/07rjzl8
/t/dd00071,/m/0642b4
/t/dd00071,/m/0fqfqc
/t/dd00071,/m/04brg2
/t/dd00071,/m/023pjk
/t/dd00071,/m/07pn_8q
/t/dd00071,/m/0dxrf
/t/dd00071,/m/0fx9l
/t/dd00071,/m/02pjr4
/t/dd00071,/m/02jz0l
/t/dd00071,/m/0130jx
/t/dd00071,/m/03dnzn
/t/dd00071,/m/03wvsk
/t/dd00071,/m/01jt3m
/t/dd00071,/m/012xff
/m/012xff,/m/04fgwm
/t/dd00071,/m/0d31p
/t/dd00071,/m/01s0vc
/t/dd00071,/m/03v3yw
/t/dd00071,/m/0242l
/t/dd00071,/m/01lsmm
/t/dd00071,/m/02g901
/t/dd00071,/m/05rj2
/t/dd00071,/m/0316dw
/m/0316dw,/m/0c2wf
/m/0316dw,/m/01m2v
/t/dd00071,/m/081rb
/t/dd00041,/m/07pp_mv
/m/07pp_mv,/m/07cx4
/m/07cx4,/m/07pp8cl
/m/07cx4,/m/01hnzm
/m/07cx4,/m/02c8p
/m/07cx4,/m/015jpf
/m/07cx4,/m/01z47d
/m/07pp_mv,/m/046dlr
/m/07pp_mv,/m/03kmc9
/m/03kmc9,/m/0dgbq
/m/07pp_mv,/m/030rvx
/m/07pp_mv,/m/01y3hg
/m/07pp_mv,/m/0c3f7m
/m/07pp_mv,/m/04fq5q
/m/07pp_mv,/m/0l156k
/m/0l156k,/m/06hck5
/t/dd00041,/t/dd00077
/t/dd00077,/m/02bm9n
/t/dd00077,/m/01x3z
/m/01x3z,/m/07qjznl
/t/dd00077,/m/0l7xg
/t/dd00077,/m/05zc1
/t/dd00077,/m/0llzx
/t/dd00077,/m/02x984l
/t/dd00077,/m/025wky1
/t/dd00077,/m/024dl
/t/dd00077,/m/01m4t
/t/dd00077,/m/0dv5r
/m/0dv5r,/m/07bjf
/t/dd00041,/m/07k1x
/m/07k1x,/m/03l9g
/m/07k1x,/m/03p19w
/m/07k1x,/m/01b82r
/m/07k1x,/m/02p01q
/m/07k1x,/m/023vsd
/m/07k1x,/m/0_ksk
/m/0_ksk,/m/01d380
/t/dd00041,/m/014zdl
/m/014zdl,/m/032s66
/m/032s66,/m/04zjc
/m/032s66,/m/0_1c
/m/032s66,/m/073cg4
/m/014zdl,/m/0g6b5
/m/0g6b5,/g/122z_qxw
/m/014zdl,/m/07qsvvw
/m/014zdl,/m/07pxg6y
/m/014zdl,/m/07qqyl4
/t/dd00041,/m/083vt
/m/083vt,/m/07pczhz
/m/083vt,/m/07pl1bw
/t/dd00041,/m/039jq
/m/039jq,/m/07q7njn
/m/039jq,/m/07rn7sz
/t/dd00041,/m/04k94
/m/04k94,/m/07rrlb6
/m/07rrlb6,/m/07p6mqd
/m/04k94,/m/07r5v4s
/m/04k94,/m/07prgkl
/m/07prgkl,/m/07pqc89
/m/07prgkl,/t/dd00088
/m/04k94,/m/07p7b8y
/m/04k94,/m/07qlf79
/m/04k94,/m/07ptzwd
/m/04k94,/m/07ptfmf
/m/04k94,/m/0dv3j
/t/dd00041,/t/dd00089
/t/dd00089,/m/0790c
/t/dd00089,/m/0dl83
/t/dd00089,/t/dd00091
/t/dd00091,/m/02rr_
/m/02rr_,/m/07m2kt
/t/dd00041,/t/dd00133
/t/dd00133,/m/018w8
root,/t/dd00098
/t/dd00098,/t/dd00099
/t/dd00099,/m/07pws3f
/t/dd00099,/m/07ryjzk
/t/dd00099,/m/07rdhzs
/t/dd00099,/m/07pjjrj
/t/dd00099,/m/07pc8lb
/t/dd00099,/m/07pqn27
/t/dd00099,/m/07rbp7_
/t/dd00099,/m/07pyf11
/t/dd00098,/t/dd00109
/t/dd00109,/m/07qb_dv
/t/dd00109,/m/07qv4k0
/t/dd00109,/m/07pdjhy
/t/dd00098,/t/dd00110
/t/dd00110,/m/07plct2
/t/dd00110,/t/dd00112
/t/dd00110,/m/07qcx4z
/t/dd00098,/m/05n1m
/m/05n1m,/t/dd000138
/t/dd000138,/m/02fs_r
/t/dd000138,/m/07qwdck
/t/dd000138,/m/07phxs1
/t/dd000138,/m/07rv4dm
/t/dd000138,/m/07s02z0
/m/05n1m,/m/07qh7jl
/m/05n1m,/m/07qwyj0
/m/05n1m,/m/07s34ls
/m/05n1m,/m/07p9k1k
/m/05n1m,/m/07qc9xj
/m/07qc9xj,/m/07rwm0c
/m/05n1m,/m/07phhsh
/m/05n1m,/m/07qyrcz
/m/05n1m,/m/07qfgpx
/m/05n1m,/m/07rcgpl
/m/05n1m,/m/07p78v5
/m/05n1m,/t/dd00121
/m/05n1m,/m/07s12q4
/t/dd00098,/m/028v0c
/t/dd00098,/t/dd00122
/t/dd00122,/m/01v_m0
/m/01v_m0,/m/0hdsk
/t/dd00122,/m/0c1dj
/t/dd00122,/m/07pt_g0
root,/t/dd00123
/t/dd00123,/t/dd00093
/t/dd00093,/t/dd00125
/t/dd00093,/t/dd00126
/t/dd00093,/t/dd00127
/t/dd00093,/t/dd00128
/t/dd00093,/t/dd00129
/t/dd00093,/m/01b9nn
/t/dd00093,/m/01jnbd
/t/dd00123,/m/096m7z
/m/096m7z,/m/093_4n
/m/093_4n,/m/06_y0by
/m/093_4n,/m/07rgkc5
/m/093_4n,/m/06xkwv
/m/093_4n,/m/0g12c5
/m/096m7z,/m/07szfh9
/m/096m7z,/m/0chx_
/m/096m7z,/m/0cj0r
/m/096m7z,/m/07p_0gm
/t/dd00123,/m/07bm98
/m/07bm98,/m/07c52
/m/07bm98,/m/06bz3
