Life,SMHLVG
SMHLVG,QVXHMU
QVXHMU,KSMQKH
KSMQKH,GWFTGO
GWFTGO,RPVDIT
RPVDIT,AIEVWT
AIEVWT,UYRGAX
AIEVWT,CXIRQX
AIEVWT,JNFLFY
AIEVWT,XVMTNN
AIEVWT,WEXFQY
AIEVWT,EGWHQI
AIEVWT,HOKRDL
AIEVWT,NCIWRC
AIEVWT,GFNAXW
AIEVWT,CIXJAR
AIEVWT,HZDGMZ
AIEVWT,MKNQSV
Life,IKZCCU
IKZCCU,QVYQKT
QVYQKT,FOCWYX
FOCWYX,DKDPTZ
DKDPTZ,HMWNJU
HMWNJU,KVPGAF
KVPGAF,KXRASV
KVPGAF,VBHKTK
KVPGAF,GKSEYL
KVPGAF,NWFXCY
KVPGAF,TCTWVP
KVPGAF,JLSFQB
KVPGAF,KKGVYB
KVPGAF,FMSYTR
KVPGAF,KMUHMZ
KVPGAF,GCLKAJ
KVPGAF,IOSAQV
FOCWYX,XXXXHK
XXXXHK,XSCOME
XSCOME,ETLGDJ
ETLGDJ,JIMYSX
ETLGDJ,LFTMBS
ETLGDJ,BYAFAA
ETLGDJ,QEZMVZ
ETLGDJ,HWPBWU
ETLGDJ,NRLTRZ
ETLGDJ,XJASHJ
ETLGDJ,PGAFUC
ETLGDJ,LZAFCG
ETLGDJ,DQBNKR
XSCOME,XZMGPD
XZMGPD,MATIZN
XZMGPD,PKCRUY
XZMGPD,UBYUIV
XZMGPD,QAEGZG
XZMGPD,YKVENT
XZMGPD,GETDTI
XZMGPD,DPBXQU
XZMGPD,UELJDS
XZMGPD,BNMPMY
XZMGPD,SPLKCZ
XXXXHK,RCKNFS
RCKNFS,UKGNNX
UKGNNX,RTJKWH
UKGNNX,AMYQRP
UKGNNX,GINXPJ
UKGNNX,UTGNTR
UKGNNX,VQQMEQ
UKGNNX,BWSPIC
UKGNNX,BPMDET
UKGNNX,QZQSPK
UKGNNX,KVUOMC
UKGNNX,LHRGQD
UKGNNX,YEQKHB
UKGNNX,ATADUS
UKGNNX,CVJCAG
UKGNNX,YFDFRH
UKGNNX,WZSQWB
RCKNFS,YVHUAD
YVHUAD,ILKSJL
YVHUAD,UPAXJY
YVHUAD,LLBCAK
YVHUAD,PVSXQU
YVHUAD,DWQXVP
YVHUAD,JRTZPI
YVHUAD,ILJKTK
YVHUAD,WIQURV
YVHUAD,XKNEGX
YVHUAD,BNBXWX
RCKNFS,MVPOWP
MVPOWP,QPVBRR
MVPOWP,NXZZDB
MVPOWP,DPRJJX
MVPOWP,SSLCPE
MVPOWP,QLIOAU
MVPOWP,FPVNGV
MVPOWP,DSIDZF
MVPOWP,VTZFCS
MVPOWP,RDSZPQ
MVPOWP,CIATAS
MVPOWP,MWDPBY
MVPOWP,AXADQZ
FOCWYX,NRTKLD
NRTKLD,FAALSS
FAALSS,MBLEXD
MBLEXD,BZSPCR
MBLEXD,BUNVLA
MBLEXD,QHWTBO
MBLEXD,JLDFRI
MBLEXD,PAGEKP
MBLEXD,MCKXFR
MBLEXD,DNSUKR
MBLEXD,TDARVS
MBLEXD,MVKWDT
MBLEXD,QAYMHM
MBLEXD,ZFNIWP
NRTKLD,DKDZRW
DKDZRW,TDUGIB
TDUGIB,ORGTDF
TDUGIB,XZHHWN
TDUGIB,XMKXAG
TDUGIB,BEAAHH
TDUGIB,QIVEYK
TDUGIB,XMEVRC
TDUGIB,MJHKBS
TDUGIB,FXTRZY
TDUGIB,RJOLTM
TDUGIB,KILJKZ
TDUGIB,LUYVYN
TDUGIB,NFQSRJ
TDUGIB,AILLAD
TDUGIB,NUZBBS
TDUGIB,JLJMBM
TDUGIB,MIQWHC
TDUGIB,JUAHST
TDUGIB,CRHQFV
TDUGIB,YHUXWD
TDUGIB,AOUBUB
TDUGIB,XUGBAU
TDUGIB,YKBCQM
TDUGIB,ETJERL
FOCWYX,REQZBH
REQZBH,UJJARO
UJJARO,ITHJOL
ITHJOL,OGNTRC
ITHJOL,LUFQAS
ITHJOL,RQOZDK
ITHJOL,IIIPSW
ITHJOL,HREAZZ
ITHJOL,APBHZB
ITHJOL,SOVVHN
ITHJOL,EZBHPO
ITHJOL,JLWIHE
ITHJOL,RSEPUN
ITHJOL,ROQYOA
ITHJOL,CYFFEM
ITHJOL,NDQDUF
ITHJOL,CBMGBA
ITHJOL,SNDTTP
ITHJOL,XYGQLH
ITHJOL,LQIJEL
ITHJOL,LGCMED
ITHJOL,RCHFBQ
ITHJOL,UYSAGA
ITHJOL,QSZZKB
ITHJOL,ZPTBTE
ITHJOL,KNGFKN
ITHJOL,KUMBRL
ITHJOL,ZPTLGZ
REQZBH,MBKRYK
MBKRYK,RMKZPB
RMKZPB,ZIZMTH
RMKZPB,LXFPCL
RMKZPB,DNHHCA
RMKZPB,CRQYLT
RMKZPB,JPIVCL
RMKZPB,YCOLEI
RMKZPB,XIMCTM
RMKZPB,XWEOYO
RMKZPB,CEIXDC
RMKZPB,VGCTPU
RMKZPB,XOQHLG
RMKZPB,MXAKWL
RMKZPB,SDPCGP
RMKZPB,OBJSZY
IKZCCU,CFFKSI
CFFKSI,ZZHXPK
ZZHXPK,URUPLB
URUPLB,WBQBJP
WBQBJP,AXZJRS
AXZJRS,FCPVBX
AXZJRS,OOWYCR
AXZJRS,JWMVLN
AXZJRS,IUVBFR
AXZJRS,XRRLXQ
AXZJRS,ZZFTSY
AXZJRS,UNMSHA
AXZJRS,OENRMA
AXZJRS,CBWLXJ
AXZJRS,JFEFPU
CFFKSI,MAWCSR
MAWCSR,KRCREM
KRCREM,VVJPHB
VVJPHB,RQJEFD
RQJEFD,CTCDDZ
RQJEFD,VVVWWJ
RQJEFD,MAGYZT
RQJEFD,BGJUSE
RQJEFD,OESQJK
RQJEFD,QOUQML
RQJEFD,JUDMMP
RQJEFD,FUODNM
RQJEFD,DLPSUB
RQJEFD,JNFNXK
RQJEFD,LPOOIE
RQJEFD,KFTYCA
RQJEFD,ZUFWVT
RQJEFD,LVMJRP
RQJEFD,FJAVUH
RQJEFD,JVFDTO
RQJEFD,UJGAXL
RQJEFD,OTCUKL
KRCREM,RLKHLR
RLKHLR,OYSRBV
OYSRBV,UESXSN
OYSRBV,OFPTKN
OYSRBV,BRSRUQ
OYSRBV,FEADWN
OYSRBV,JCZTDZ
OYSRBV,YTZUJQ
OYSRBV,SUJCRB
OYSRBV,XRMQTH
OYSRBV,CSUOVG
OYSRBV,TIDSHY
OYSRBV,JCSTPQ
KRCREM,XTFFRG
XTFFRG,MMJFDT
MMJFDT,KLICZH
MMJFDT,IUPOVD
MMJFDT,KFTAMF
MMJFDT,WRCAJN
MMJFDT,BYLPVM
MMJFDT,DPEIBG
MMJFDT,DMHWJV
MMJFDT,JAUGVG
MMJFDT,PELMDZ
MMJFDT,TEAKVI
CFFKSI,ZUNWQY
ZUNWQY,OGIMIE
OGIMIE,VYXZFF
VYXZFF,CDHJIZ
CDHJIZ,UCGXRC
CDHJIZ,RSVOFP
CDHJIZ,TPXWTZ
CDHJIZ,IUKOQX
CDHJIZ,JIANSV
CDHJIZ,DJIRKT
CDHJIZ,SEBPFX
CDHJIZ,IYCTXV
CDHJIZ,DNOCBM
CDHJIZ,OUUMBD
OGIMIE,FKBQGX
FKBQGX,NMRXKJ
NMRXKJ,NXYRNP
NMRXKJ,BEIKGM
NMRXKJ,FFKYVP
NMRXKJ,ISVQFB
NMRXKJ,LRWFGQ
NMRXKJ,TMHZSS
NMRXKJ,DUXJQP
NMRXKJ,FALGGH
NMRXKJ,RSHKTA
NMRXKJ,RITUHD
NMRXKJ,OIRDPQ
NMRXKJ,UXONAW
OGIMIE,GETLHS
GETLHS,RWFQYW
RWFQYW,EWLCOB
RWFQYW,PGQGLR
RWFQYW,JXMGQW
RWFQYW,HLKMAO
RWFQYW,KUYKNJ
RWFQYW,ILHNTY
RWFQYW,FJKALD
RWFQYW,SQASQS
RWFQYW,HSUZVX
RWFQYW,KMAYSP
RWFQYW,SJCIFU
OGIMIE,GDRUMH
GDRUMH,HBJFSN
HBJFSN,MUESTX
HBJFSN,JZNPSV
HBJFSN,MBCGJG
HBJFSN,LRXPVD
HBJFSN,FTCWPV
HBJFSN,VOGGGH
HBJFSN,TCBEMX
HBJFSN,EHPASH
HBJFSN,XWUTKH
HBJFSN,VSHWTH
HBJFSN,EFDQBE
HBJFSN,MVQKIE
HBJFSN,JFBZXU
HBJFSN,FCGWDQ
HBJFSN,ZGFIPG
HBJFSN,TUYGIV
HBJFSN,JJKXKI
HBJFSN,LQIPFS
HBJFSN,ANGDBK
HBJFSN,QBRMYR
HBJFSN,NAFXMJ
HBJFSN,HPXRDH
OGIMIE,EUFUML
EUFUML,NIAUXS
NIAUXS,VCOOAJ
NIAUXS,GKQWYR
NIAUXS,LDRXMF
NIAUXS,UYONPK
NIAUXS,DPZCBF
NIAUXS,YIGXND
NIAUXS,JSKJHE
NIAUXS,RSCXQU
NIAUXS,KPFUMI
NIAUXS,IKQLUQ
ZUNWQY,URAPQG
URAPQG,JGLESV
JGLESV,NZNRPC
NZNRPC,UWBUWJ
NZNRPC,UZSDMA
NZNRPC,IXQKTP
NZNRPC,JFYQNR
NZNRPC,PFFTBE
NZNRPC,PFWSIQ
NZNRPC,QCQYZJ
NZNRPC,ZBEOQS
NZNRPC,LOKHWK
NZNRPC,QEBVQL
NZNRPC,LKTPLP
NZNRPC,UBFDQU
NZNRPC,CWJGWA
NZNRPC,QPJZWL
NZNRPC,WNZKFW
URAPQG,KIJSWS
KIJSWS,GKJJDA
GKJJDA,PJKRWS
GKJJDA,BGKDKB
GKJJDA,NMEXVI
GKJJDA,DRWREY
GKJJDA,IVAENF
GKJJDA,WBWBLK
GKJJDA,RRWOBB
GKJJDA,CUFJLB
GKJJDA,RPMJRF
GKJJDA,EBBUPP
GKJJDA,PPNJMC
GKJJDA,VTJQCF
GKJJDA,JJBJHD
GKJJDA,OCIADT
KIJSWS,CTYBJT
CTYBJT,BXMEGH
CTYBJT,YLNBCA
CTYBJT,QJHDMZ
CTYBJT,YENQWY
CTYBJT,EYMKYT
CTYBJT,FYBOSM
CTYBJT,IVQFFO
CTYBJT,RICFKK
CTYBJT,ZZHMAS
CTYBJT,YVCDYB
CTYBJT,LFVASQ
URAPQG,XPBYNO
XPBYNO,BICYMC
BICYMC,YNOION
BICYMC,OAMKUM
BICYMC,GAABKK
BICYMC,YZTNFA
BICYMC,EADFBO
BICYMC,BDPWNG
BICYMC,KKUMBJ
BICYMC,ACXDHZ
BICYMC,UCKCAW
BICYMC,ILUUFI
BICYMC,UVOYKT
ZUNWQY,SKZTYU
SKZTYU,PNHUSI
PNHUSI,EGRPTO
EGRPTO,TSXOYV
EGRPTO,LSYTWY
EGRPTO,VIUQDH
EGRPTO,FLUIUY
EGRPTO,JRWTTJ
EGRPTO,ABJANU
EGRPTO,BKPJMG
EGRPTO,MDYSAJ
EGRPTO,GHJTCE
EGRPTO,EISWDX
Life,BKJDSR
BKJDSR,EQAKBJ
EQAKBJ,PHYUCE
PHYUCE,GNNJLA
GNNJLA,LSBQHU
LSBQHU,XIJOQI
XIJOQI,ACSCTX
XIJOQI,OXPYQB
XIJOQI,SVNADR
XIJOQI,WKNKYW
XIJOQI,LWNAMC
XIJOQI,SCJEIF
XIJOQI,BYJWYH
XIJOQI,HNTFRO
XIJOQI,OJSCKZ
XIJOQI,WROQEC
XIJOQI,QTOGES
XIJOQI,KSZOLH
XIJOQI,PIJBMH
GNNJLA,MSVTLQ
MSVTLQ,BBLWZV
BBLWZV,BCDEBW
BBLWZV,RRRXNZ
BBLWZV,QTIDHN
BBLWZV,BUCPKL
BBLWZV,IVTCQN
BBLWZV,TQETIS
BBLWZV,WNRAZS
BBLWZV,SIRLCS
BBLWZV,VEWWMG
BBLWZV,ZTXQJX
BBLWZV,QIGZXB
BBLWZV,EXTTWG
PHYUCE,SNPMQV
SNPMQV,AZSZCB
AZSZCB,QMUXKN
QMUXKN,MXOYRC
QMUXKN,FMBTSL
QMUXKN,NHVFMA
QMUXKN,FAPNJH
QMUXKN,YHNHZJ
QMUXKN,EUUELO
QMUXKN,POTJSL
QMUXKN,KVCIHX
QMUXKN,DYDDSC
QMUXKN,PQCJXQ
AZSZCB,PMBTTE
PMBTTE,SYMULZ
PMBTTE,EPFWTT
PMBTTE,UPGSVZ
PMBTTE,KXEBBW
PMBTTE,YZMAAH
PMBTTE,IHAKOF
PMBTTE,SQWLQU
PMBTTE,PMARWW
PMBTTE,PGTXET
PMBTTE,RDOIIU
PMBTTE,LKGQFB
PMBTTE,RXFQFU
PMBTTE,OKCGAM
AZSZCB,LZUPOC
LZUPOC,RJVULC
LZUPOC,MHUXAS
LZUPOC,HATLNK
LZUPOC,UDXNAR
LZUPOC,ZAGTXS
LZUPOC,WRSGKE
LZUPOC,FPWPKV
LZUPOC,KSZXWD
LZUPOC,OGRHLR
LZUPOC,JORKQU
LZUPOC,LTUHCA
LZUPOC,HPHSHA
LZUPOC,GBKCHW
LZUPOC,TDKRPA
AZSZCB,MDPJPB
MDPJPB,TMZKQT
MDPJPB,ADSTGW
MDPJPB,YFOEPX
MDPJPB,TWHWTW
MDPJPB,QSHHOV
MDPJPB,JWLVUA
MDPJPB,CTEHHV
MDPJPB,OFIATJ
MDPJPB,IUOAXN
MDPJPB,JKYBDX
PHYUCE,HJTFFD
HJTFFD,NXRDAY
NXRDAY,EODTWO
EODTWO,MABAGX
EODTWO,EHAPSC
EODTWO,MZNBSC
EODTWO,FCMYCP
EODTWO,AFSOMV
EODTWO,DIZFKU
EODTWO,HLMGYU
EODTWO,NBUGLR
EODTWO,UODHVV
EODTWO,HQUIIQ
EODTWO,DVXEND
EODTWO,GTNYMA
EODTWO,TWEOOE
EODTWO,CNTHKP
EODTWO,NXMOJB
EODTWO,XFEVPT
PHYUCE,WVEEEW
WVEEEW,XQXRYX
XQXRYX,BUYXNH
BUYXNH,GQJQVN
BUYXNH,SSWJDK
BUYXNH,MUHCQC
BUYXNH,VSASJK
BUYXNH,EVSENS
BUYXNH,UMPUFQ
BUYXNH,MMTXYW
BUYXNH,OMROOE
BUYXNH,RCTOEP
BUYXNH,UDNUMR
BUYXNH,KSPRCX
BUYXNH,FOKXVM
BUYXNH,ILSSJO
XQXRYX,OMPGCQ
OMPGCQ,VOQPQZ
OMPGCQ,HUCEQY
OMPGCQ,UKVWWY
OMPGCQ,XEATIL
OMPGCQ,JMNEZH
OMPGCQ,OBMBHS
OMPGCQ,DEHBOG
OMPGCQ,CMCNOG
OMPGCQ,EQAPQV
OMPGCQ,EBQBBX
OMPGCQ,GLKLOF
OMPGCQ,BEYBEP
OMPGCQ,XVAHLN
PHYUCE,GFTJUM
GFTJUM,LVEBLU
LVEBLU,NJFYRX
NJFYRX,UGRTDI
NJFYRX,ZGLNPX
NJFYRX,JUOHWX
NJFYRX,LXJVVJ
NJFYRX,ZVWDAU
NJFYRX,WLGEGU
NJFYRX,JVMOCG
NJFYRX,OHRHQS
NJFYRX,KLUEZY
NJFYRX,AGPZXM
NJFYRX,IOQOLP
NJFYRX,WSZGXV
NJFYRX,NXVRVO
PHYUCE,OJROJZ
OJROJZ,YHRBFX
YHRBFX,UTMQGX
UTMQGX,DHNIZZ
UTMQGX,AOOVCF
UTMQGX,QHOJEC
UTMQGX,VFXFZC
UTMQGX,YNZHWD
UTMQGX,FKXYGI
UTMQGX,HJNPFZ
UTMQGX,QDPZBL
UTMQGX,MDTOKI
UTMQGX,IWKFFW
PHYUCE,CWTHUX
CWTHUX,FFDODG
FFDODG,YDTMFM
YDTMFM,UWLNAF
YDTMFM,HPRWOH
YDTMFM,FXKAQA
YDTMFM,MBKJXS
YDTMFM,QHETOH
YDTMFM,AJWUSI
YDTMFM,WAFIWI
YDTMFM,QVQRHJ
YDTMFM,VVWCEW
YDTMFM,LDENXH
YDTMFM,HXHICV
YDTMFM,TBKEZV
YDTMFM,ANESFZ
CWTHUX,THBWTQ
THBWTQ,SREAPX
SREAPX,ZTJZOK
SREAPX,VXEXJF
SREAPX,LCVSJJ
SREAPX,PFQSSF
SREAPX,ZTEYQL
SREAPX,BURPYP
SREAPX,JYCPTH
SREAPX,GPWJDD
SREAPX,ZHXVLW
SREAPX,PZGKOJ
SREAPX,NTDOLP
SREAPX,QVFSYN
PHYUCE,DKEGZA
DKEGZA,RPJOEP
RPJOEP,EMAIGH
EMAIGH,AEZTJB
EMAIGH,EDLLYK
EMAIGH,LCRSVS
EMAIGH,IXCLRZ
EMAIGH,YYJXQY
EMAIGH,XHJVKI
EMAIGH,JLOMDV
EMAIGH,KUIQJJ
EMAIGH,VIOQTU
EMAIGH,UWLDSM
EMAIGH,YYABHH
EMAIGH,QJXKAH
EMAIGH,VXMBNF
PHYUCE,UEKOMH
UEKOMH,SPLTGQ
SPLTGQ,FPTEZU
FPTEZU,SYRBVT
FPTEZU,GSMYTQ
FPTEZU,KJFBBV
FPTEZU,RBCVHH
FPTEZU,XNOHUV
FPTEZU,JHDEAL
FPTEZU,SNRNET
FPTEZU,QKWYVU
FPTEZU,TEWBJC
FPTEZU,ULXNOX
FPTEZU,DCLXJI
FPTEZU,HRAGSL
FPTEZU,ZSFTCG
FPTEZU,CSSAJC
FPTEZU,TULGBQ
SPLTGQ,LOWOTH
LOWOTH,UGZDDR
LOWOTH,IEDZWA
LOWOTH,KWZAVI
LOWOTH,RDFJCI
LOWOTH,EZLKIX
LOWOTH,TMWMXP
LOWOTH,UUJAUE
LOWOTH,NXZKGS
LOWOTH,AOCAUV
LOWOTH,QLBYHM
LOWOTH,IOOOKO
LOWOTH,RXVXRJ
LOWOTH,XXPLMM
LOWOTH,PBLJXF
UEKOMH,KFOQYQ
KFOQYQ,CNROHM
CNROHM,LCWAKW
CNROHM,CVYOPY
CNROHM,VHXKRB
CNROHM,MIAELZ
CNROHM,EGUMVX
CNROHM,BRSQNW
CNROHM,KRTSUN
CNROHM,XBGUIU
CNROHM,CKNNPE
CNROHM,AGMAGG
CNROHM,PQEFTA
CNROHM,FARZZQ
UEKOMH,WKGNLV
WKGNLV,ZKOXFP
ZKOXFP,CAHPNV
ZKOXFP,LFIMZG
ZKOXFP,WMBDUV
ZKOXFP,ZHOPEO
ZKOXFP,ZMHOBL
ZKOXFP,RUGFTV
ZKOXFP,ZTKJAR
ZKOXFP,JIVOLZ
ZKOXFP,UEFWBJ
ZKOXFP,PPIEZQ
ZKOXFP,YCLZIP
ZKOXFP,OWZCJH
PHYUCE,IICWKH
IICWKH,FLXYQQ
FLXYQQ,LMDCZI
LMDCZI,KXWZLZ
LMDCZI,NLQQQL
LMDCZI,JACQCP
LMDCZI,LGPHZK
LMDCZI,OLOYQN
LMDCZI,XKNPNK
LMDCZI,OTXLYV
LMDCZI,AVVMHE
LMDCZI,WZLGMT
LMDCZI,YXDITS
LMDCZI,ILXPMI
LMDCZI,PFUHBK
LMDCZI,LXUBIL
LMDCZI,LCTLZD
LMDCZI,KXNRZB
LMDCZI,ATLZGM
LMDCZI,QLASGN
LMDCZI,JLUXSJ
LMDCZI,XGNKVU
LMDCZI,XIXXYO
LMDCZI,VKMGZN
LMDCZI,CPBHKR
LMDCZI,YNSHOP
LMDCZI,QTHLUS
LMDCZI,ECXYQE
PHYUCE,RGQINN
RGQINN,QQGNDG
QQGNDG,CTGGUD
CTGGUD,VGZPRI
CTGGUD,AISYUQ
CTGGUD,BRXQWW
CTGGUD,AFCSDM
CTGGUD,NGINNT
CTGGUD,MUFNYS
CTGGUD,QYKNCD
CTGGUD,PNNITE
CTGGUD,UBRJUU
CTGGUD,CGNGBW
CTGGUD,VFRZVG
CTGGUD,GENYZH
CTGGUD,YVJLRB
CTGGUD,NFGTPI
CTGGUD,DBBBEZ
PHYUCE,KBAAKP
KBAAKP,TDVDJB
TDVDJB,WNHCHE
WNHCHE,OXMKBF
WNHCHE,JUFWLB
WNHCHE,QOQEDG
WNHCHE,CWSPEX
WNHCHE,COEMGR
WNHCHE,JSAQXL
WNHCHE,OJXFQS
WNHCHE,PVLQJR
WNHCHE,BRFFNG
WNHCHE,YSRMIJ
WNHCHE,VRXEDL
WNHCHE,PXFASA
WNHCHE,VOAUTI
WNHCHE,JHVVEG
WNHCHE,MTHRFL
WNHCHE,NJVYMX
WNHCHE,WBVJQE
WNHCHE,XJONKW
WNHCHE,GQQEGB
WNHCHE,MHBRFU
WNHCHE,DOFHAC
WNHCHE,SJJQIN
WNHCHE,WEIKLF
WNHCHE,HPKMQW
WNHCHE,BFZOYS
KBAAKP,JRSWTF
JRSWTF,PVSGJE
PVSGJE,AOCCIR
PVSGJE,YMXQYZ
PVSGJE,KCLWOH
PVSGJE,SMUEDW
PVSGJE,DFBTWD
PVSGJE,VJMVCS
PVSGJE,PCGPHN
PVSGJE,DBTVRF
PVSGJE,ARLGIK
PVSGJE,VEWABB
PVSGJE,TZTRQF
PVSGJE,NWDJZQ
PVSGJE,RJAJUI
PVSGJE,KWXVDZ
PVSGJE,DDFCDX
PVSGJE,QAMFVQ
PVSGJE,ZHRXLA
PVSGJE,MUKQWK
PVSGJE,KOPUKT
PVSGJE,WHMKNH
PVSGJE,MUIFUK
PVSGJE,MSCYJR
PVSGJE,FHLECE
PHYUCE,UWEJAW
UWEJAW,CDBECV
CDBECV,PIWUYM
PIWUYM,NNGHJH
PIWUYM,LNVTNZ
PIWUYM,GILJKV
PIWUYM,BPLIWH
PIWUYM,NGNYRC
PIWUYM,LQNAID
PIWUYM,JFRSFR
PIWUYM,GJIACW
PIWUYM,VTSPSB
PIWUYM,HTJBBS
PIWUYM,AMPROF
PIWUYM,HJDSHI
PHYUCE,AMCTBG
AMCTBG,UOOYOF
UOOYOF,NNGPFJ
NNGPFJ,UYOWZG
NNGPFJ,FVTCTV
NNGPFJ,VQBPIN
NNGPFJ,CQNSCK
NNGPFJ,NEPQXR
NNGPFJ,VWZCEV
NNGPFJ,SFOVJN
NNGPFJ,HWWRFX
NNGPFJ,HIKMUL
NNGPFJ,VOJVTW
NNGPFJ,VOWBZO
NNGPFJ,UEJOVG
NNGPFJ,OPUQCJ
NNGPFJ,YMAKRQ
NNGPFJ,JCIJQL
NNGPFJ,VLSTPT
NNGPFJ,EVWWTI
NNGPFJ,NKYXUJ
NNGPFJ,HCGOYC
NNGPFJ,PRQQCV
NNGPFJ,RBQNZL
NNGPFJ,FKVHVM
NNGPFJ,QSGPDY
NNGPFJ,CQNDLC
NNGPFJ,DDJMIP
NNGPFJ,YSXPTJ
NNGPFJ,ZPWEST
NNGPFJ,VYMLBL
NNGPFJ,ZTOMGU
NNGPFJ,IKGBAC
NNGPFJ,OTTNYJ
NNGPFJ,RMHSAQ
NNGPFJ,GGHICP
NNGPFJ,IBTPFF
NNGPFJ,PTXYOT
NNGPFJ,SSJZRD
NNGPFJ,STCMRY
NNGPFJ,NYJUXY
PHYUCE,XGFWVD
XGFWVD,LWAXIS
LWAXIS,ZJSJYI
ZJSJYI,SKPCQL
ZJSJYI,IKRJMP
ZJSJYI,ZROQQY
ZJSJYI,JNOETN
ZJSJYI,VABOQT
ZJSJYI,SAADTK
ZJSJYI,TBNWWQ
ZJSJYI,QTWUTT
ZJSJYI,SAWUJH
ZJSJYI,DNIKGS
ZJSJYI,TRJCQT
LWAXIS,BUTEEF
BUTEEF,YPVVCG
BUTEEF,MTSIDS
BUTEEF,IDEOQP
BUTEEF,ODCNMZ
BUTEEF,GAVTZT
BUTEEF,DVUDOR
BUTEEF,SRNSQJ
BUTEEF,UYQUZF
BUTEEF,RSVMKQ
BUTEEF,XRDFWG
BUTEEF,FOFYED
BUTEEF,CQNYBT
LWAXIS,UVDXBC
UVDXBC,RKQITJ
UVDXBC,LFOHES
UVDXBC,BTCYJW
UVDXBC,BRDLYN
UVDXBC,WBGAXQ
UVDXBC,XPIQCN
UVDXBC,QKEVOM
UVDXBC,BYHNKX
UVDXBC,ESOIVB
UVDXBC,MKUOMC
UVDXBC,MQYZDO
UVDXBC,RMNVZL
UVDXBC,IUQNQA
UVDXBC,ETVULV
PHYUCE,GYHBYY
GYHBYY,YPXQLE
YPXQLE,VVINXC
VVINXC,GDXXTI
VVINXC,DSBERO
VVINXC,MTTGRM
VVINXC,ETXIFT
VVINXC,MEQTXT
VVINXC,HCKTFF
VVINXC,ASLCQQ
VVINXC,YISOXS
VVINXC,PSDCRB
VVINXC,KVSIZS
VVINXC,DPDCVJ
VVINXC,TNRXYP
VVINXC,XBLVXE
VVINXC,XIYAHI
VVINXC,XNBQDT
VVINXC,BMQPJH
VVINXC,JTLAZY
GYHBYY,YWZSDD
YWZSDD,RAWMPW
RAWMPW,BIQUQP
RAWMPW,RGYDCL
RAWMPW,KDFZFF
RAWMPW,PLWDGK
RAWMPW,OMZIJC
RAWMPW,TMLJXY
RAWMPW,AIYTIB
RAWMPW,GPOKTX
RAWMPW,KLBNNY
RAWMPW,OPFVDM
RAWMPW,PHTAFT
RAWMPW,BKPYBN
RAWMPW,HPDOSZ
RAWMPW,XLMXFC
RAWMPW,DFQOKK
RAWMPW,KXOZUT
RAWMPW,ZRAADT
RAWMPW,TUSZCA
GYHBYY,NNTROK
NNTROK,BEZFEJ
BEZFEJ,OMDIYY
BEZFEJ,ZPWBER
BEZFEJ,YMAEWB
BEZFEJ,JLXHLK
BEZFEJ,NAGNYI
BEZFEJ,GIGWUY
BEZFEJ,OFRWHE
BEZFEJ,EZQFVL
BEZFEJ,HXXUIZ
BEZFEJ,IKJJMJ
GYHBYY,EIVVFE
EIVVFE,XUOUQH
XUOUQH,XYIKFO
XUOUQH,EJMWLY
XUOUQH,OKARZV
XUOUQH,ZIDWTB
XUOUQH,TVLAJU
XUOUQH,TPDQQT
XUOUQH,BCNTPR
XUOUQH,MGPYIE
XUOUQH,LPHGTK
XUOUQH,MJIBVB
XUOUQH,JAZKXB
XUOUQH,ICSJYX
XUOUQH,PEGKOA
EIVVFE,WQIPJE
WQIPJE,JGEIVF
WQIPJE,ZIAQVF
WQIPJE,GMXMVE
WQIPJE,YAEDYY
WQIPJE,GCYIRW
WQIPJE,RYHVTJ
WQIPJE,SLAQYA
WQIPJE,ICXMRS
WQIPJE,PDBWGA
WQIPJE,DCKIVT
PHYUCE,VUQUVB
VUQUVB,UWRLDP
UWRLDP,QEKIKU
QEKIKU,AFZAPZ
QEKIKU,SHKGGL
QEKIKU,WQIAZF
QEKIKU,UZNAKZ
QEKIKU,EPFPUJ
QEKIKU,XXXWJH
QEKIKU,VZDDRC
QEKIKU,UOGOLA
QEKIKU,BBKGUL
QEKIKU,NQZWRJ
QEKIKU,RHEDFB
QEKIKU,YBZAJX
QEKIKU,XXPNGF
QEKIKU,URQSGY
QEKIKU,YSDRSO
QEKIKU,AXRLUT
QEKIKU,ULSXVH
QEKIKU,PIQYLE
QEKIKU,IVVDUG
VUQUVB,XNXHIF
XNXHIF,JXGDIH
JXGDIH,AHMNDD
JXGDIH,MYNLFJ
JXGDIH,TOFYXT
JXGDIH,MZIVOD
JXGDIH,ANAVAQ
JXGDIH,CTTSVD
JXGDIH,TCTHQT
JXGDIH,JKKMKQ
JXGDIH,YORQRG
JXGDIH,BPEQBI
JXGDIH,ZKHVJD
JXGDIH,ESXWDT
JXGDIH,AHZKTP
JXGDIH,TXGZEK
JXGDIH,WLMDAN
JXGDIH,TXWVFR
PHYUCE,IANOWN
IANOWN,PVEXNS
PVEXNS,PTERFA
PTERFA,PXARVT
PTERFA,HWGDKD
PTERFA,JZEANN
PTERFA,MTKMPA
PTERFA,CDDEHU
PTERFA,UKNVWI
PTERFA,BGINIF
PTERFA,PQVWBS
PTERFA,WUWPQK
PTERFA,JIMLTO
PTERFA,AJRMWJ
PTERFA,ZUAFVF
PVEXNS,AFBSOD
AFBSOD,AGUWUI
AFBSOD,BKCRWX
AFBSOD,DHUOBE
AFBSOD,DAHGEY
AFBSOD,SKEFRQ
AFBSOD,YRVUPP
AFBSOD,VQOATD
AFBSOD,YRKZAD
AFBSOD,MHBUDL
AFBSOD,OIGRKQ
AFBSOD,ETQOJU
AFBSOD,WSJPMC
AFBSOD,AYGAJN
AFBSOD,XSOFHE
AFBSOD,EYLGRO
AFBSOD,EJVMLX
AFBSOD,NJUJQO
AFBSOD,PXKGYK
AFBSOD,TGKEDY
AFBSOD,PVKMNR
PVEXNS,OEHHZB
OEHHZB,JUKINR
OEHHZB,XSFSDU
OEHHZB,LJTDAK
OEHHZB,EXSPMP
OEHHZB,DTNJWL
OEHHZB,HBMNKB
OEHHZB,QJFLOX
OEHHZB,KCSURO
OEHHZB,JPNENO
OEHHZB,KPXKIM
OEHHZB,VNWKNN
OEHHZB,XJRKNN
OEHHZB,YWJBQN
OEHHZB,CLGMXL
OEHHZB,VRKCZP
PVEXNS,JEVYHJ
JEVYHJ,LXSYWM
JEVYHJ,RDJTXD
JEVYHJ,WGBDHQ
JEVYHJ,RWFFJE
JEVYHJ,ACIRHP
JEVYHJ,NANFOX
JEVYHJ,BAJLJJ
JEVYHJ,BRHNXQ
JEVYHJ,DCCNNY
JEVYHJ,ZLINAC
PHYUCE,ZCGXPA
ZCGXPA,IQSYME
IQSYME,EDZBGV
EDZBGV,PWMFCI
EDZBGV,KCCING
EDZBGV,LJGEOV
EDZBGV,BVAEEJ
EDZBGV,GNQWKC
EDZBGV,MZUABM
EDZBGV,ALRGUC
EDZBGV,KEOGZL
EDZBGV,VZQGJX
EDZBGV,TKYDZW
EQAKBJ,LVJBIC
LVJBIC,XXYZIZ
XXYZIZ,TCNVSE
TCNVSE,VPRFRO
VPRFRO,DUDTCQ
VPRFRO,SSXHQN
VPRFRO,IQIMNO
VPRFRO,PTLACG
VPRFRO,HCDJAB
VPRFRO,BTQIIR
VPRFRO,JNZDPF
VPRFRO,UPHJKD
VPRFRO,UALBCX
VPRFRO,ENVZPD
VPRFRO,BKYZLL
VPRFRO,UZVSLJ
VPRFRO,JZISXM
XXYZIZ,QXHHDA
QXHHDA,GTFYNL
GTFYNL,KFVJBQ
GTFYNL,SJQEEI
GTFYNL,JXCBQJ
GTFYNL,WRIJOD
GTFYNL,FFXLVO
GTFYNL,SIFDFV
GTFYNL,OYOJNY
GTFYNL,KQMYBA
GTFYNL,RLVCQN
GTFYNL,ORDOHQ
GTFYNL,SEOITF
GTFYNL,CDGFAR
GTFYNL,EUFCNA
GTFYNL,LRFODS
XXYZIZ,RJNJWI
RJNJWI,IZQNYE
IZQNYE,PUQQQE
IZQNYE,PLDWPY
IZQNYE,JBWUCX
IZQNYE,RSSCCW
IZQNYE,VPBDYX
IZQNYE,GZOUYI
IZQNYE,GGCLVV
IZQNYE,KWXMQV
IZQNYE,QMPONH
IZQNYE,NQYVDZ
LVJBIC,TEYHGD
TEYHGD,TQRDJB
TQRDJB,ZBHXYZ
ZBHXYZ,XWULSO
ZBHXYZ,EXZAMW
ZBHXYZ,LGFBIK
ZBHXYZ,IQSZQQ
ZBHXYZ,IWLIDN
ZBHXYZ,NIDZBS
ZBHXYZ,ZZCNVD
ZBHXYZ,ICMAHU
ZBHXYZ,GKWUHI
ZBHXYZ,UBSZKD
ZBHXYZ,RXQPIH
ZBHXYZ,NTMRNU
ZBHXYZ,CTHXFN
ZBHXYZ,DLSUIA
ZBHXYZ,FJYLUF
LVJBIC,ODQDEO
ODQDEO,KYSZWJ
KYSZWJ,YUJZTA
YUJZTA,IQBPFR
YUJZTA,VOWMQO
YUJZTA,GMPFPV
YUJZTA,WBVDKF
YUJZTA,UBGBHB
YUJZTA,JBJTPW
YUJZTA,PMZNZO
YUJZTA,ESMEYB
YUJZTA,BJLEEW
YUJZTA,QAOIIR
ODQDEO,PNPDTG
PNPDTG,IIPQCA
IIPQCA,KVQBFK
IIPQCA,IVRODU
IIPQCA,NTGAJR
IIPQCA,VRMQNW
IIPQCA,QYTCEH
IIPQCA,WAELZB
IIPQCA,NSCEOF
IIPQCA,GXPYNG
IIPQCA,RTZSJL
IIPQCA,UTRYEP
EQAKBJ,ZFCTQV
ZFCTQV,MHTHLG
MHTHLG,YTSRPL
YTSRPL,HGANRF
HGANRF,UWQBAM
HGANRF,QTMIXX
HGANRF,IKJEPH
HGANRF,QFWQNX
HGANRF,MIXMMJ
HGANRF,MTYNGA
HGANRF,TVOZQB
HGANRF,VNNLWC
HGANRF,EAWJYU
HGANRF,KSEDIQ
HGANRF,NZSTLN
HGANRF,TTHJCK
HGANRF,IYYUGY
HGANRF,RSPSPU
HGANRF,VWGBJA
HGANRF,HKSRMB
HGANRF,NFUUQY
HGANRF,CUIZAZ
HGANRF,EGNWND
HGANRF,ORYXVW
HGANRF,NWHZMH
HGANRF,AJZZUU
HGANRF,ZBUVJF
EQAKBJ,JINQFY
JINQFY,YSJGOA
YSJGOA,DTSJJA
DTSJJA,AVUODI
AVUODI,GTAAGB
AVUODI,YEYWGG
AVUODI,FQVXXU
AVUODI,IXKJWA
AVUODI,JGYNWP
AVUODI,IQWNKB
AVUODI,KAUMIB
AVUODI,LARFZD
AVUODI,XHXQKG
AVUODI,XVEXHJ
AVUODI,WRSICY
AVUODI,QACBCX
AVUODI,DTDUOD
AVUODI,MZILUT
