Life,Animalia
Animalia,Annelida
Annelida,Clitellata
Clitellata,Haplotaxida
Haplotaxida,Lumbricidae
Annelida,Polychaeta
Polychaeta,Sabellida
Sabellida,Sabellidae
Sabellida,Serpulidae
Animalia,Arthropoda
Arthropoda,Arachnida
Arachnida,Araneae
Araneae,Agelenidae
Araneae,Antrodiaetidae
Araneae,Araneidae
Araneae,Cheiracanthiidae
Araneae,Corinnidae
Araneae,Desidae
Araneae,Dysderidae
Araneae,Filistatidae
Araneae,Gnaphosidae
Araneae,Linyphiidae
Araneae,Lycosidae
Araneae,Oxyopidae
Araneae,Pholcidae
Araneae,Pisauridae
Araneae,Salticidae
Araneae,Sicariidae
Araneae,Sparassidae
Araneae,Tetragnathidae
Araneae,Theraphosidae
Araneae,Theridiidae
Araneae,Thomisidae
Araneae,Zoropsidae
Arachnida,Endeostigmata
Endeostigmata,Eriophyidae
Arachnida,Ixodida
Ixodida,Ixodidae
Arachnida,Opiliones
Opiliones,Phalangiidae
Opiliones,Sclerosomatidae
Arachnida,Scorpiones
Scorpiones,Buthidae
Scorpiones,Caraboctonidae
Scorpiones,Vaejovidae
Arthropoda,Chilopoda
Chilopoda,Scolopendromorpha
Scolopendromorpha,Scolopendridae
Chilopoda,Scutigeromorpha
Scutigeromorpha,Scutigeridae
Arthropoda,Diplopoda
Diplopoda,Julida
Julida,Julidae
Diplopoda,Polydesmida
Polydesmida,Paradoxosomatidae
Polydesmida,Xystodesmidae
Diplopoda,Spirobolida
Spirobolida,Rhinocricidae
Spirobolida,Trigoniulidae
Arthropoda,Hexanauplia
Hexanauplia,Lepadiformes
Lepadiformes,Lepadidae
Hexanauplia,Scalpelliformes
Scalpelliformes,Pollicipedidae
Hexanauplia,Sessilia
Sessilia,Balanidae
Sessilia,Tetraclitidae
Arthropoda,Insecta
Insecta,Blattodea
Blattodea,Blaberidae
Blattodea,Blattidae
Blattodea,Ectobiidae
Insecta,Coleoptera
Coleoptera,Brentidae
Coleoptera,Buprestidae
Coleoptera,Cantharidae
Coleoptera,Carabidae
Coleoptera,Cerambycidae
Coleoptera,Chrysomelidae
Coleoptera,Cleridae
Coleoptera,Coccinellidae
Coleoptera,Curculionidae
Coleoptera,Dermestidae
Coleoptera,Elateridae
Coleoptera,Erotylidae
Coleoptera,Geotrupidae
Coleoptera,Lampyridae
Coleoptera,Lucanidae
Coleoptera,Lycidae
Coleoptera,Meloidae
Coleoptera,Melyridae
Coleoptera,Oedemeridae
Coleoptera,Passalidae
Coleoptera,Pyrochroidae
Coleoptera,Scarabaeidae
Coleoptera,Silphidae
Coleoptera,Staphylinidae
Coleoptera,Tenebrionidae
Coleoptera,Zopheridae
Insecta,Dermaptera
Dermaptera,Anisolabididae
Dermaptera,Forficulidae
Insecta,Diptera
Diptera,Asilidae
Diptera,Bibionidae
Diptera,Bombyliidae
Diptera,Calliphoridae
Diptera,Cecidomyiidae
Diptera,Conopidae
Diptera,Culicidae
Diptera,Micropezidae
Diptera,Muscidae
Diptera,Mydidae
Diptera,Psychodidae
Diptera,Ptychopteridae
Diptera,Rhagionidae
Diptera,Scathophagidae
Diptera,Stratiomyidae
Diptera,Syrphidae
Diptera,Tabanidae
Diptera,Tachinidae
Diptera,Tephritidae
Diptera,Tipulidae
Diptera,Ulidiidae
Insecta,Ephemeroptera
Ephemeroptera,Ephemeridae
Insecta,Hemiptera
Hemiptera,Acanaloniidae
Hemiptera,Acanthosomatidae
Hemiptera,Adelgidae
Hemiptera,Alydidae
Hemiptera,Aphalaridae
Hemiptera,Aphididae
Hemiptera,Aphrophoridae
Hemiptera,Belostomatidae
Hemiptera,Cercopidae
Hemiptera,Cicadellidae
Hemiptera,Cicadidae
Hemiptera,Coreidae
Hemiptera,Cydnidae
Hemiptera,Flatidae
Hemiptera,Fulgoridae
Hemiptera,Gelastocoridae
Hemiptera,Gerridae
Hemiptera,Largidae
Hemiptera,Lygaeidae
Hemiptera,Membracidae
Hemiptera,Miridae
Hemiptera,Nepidae
Hemiptera,Oxycarenidae
Hemiptera,Pentatomidae
Hemiptera,Phylloxeridae
Hemiptera,Plataspidae
Hemiptera,Pyrrhocoridae
Hemiptera,Reduviidae
Hemiptera,Rhopalidae
Hemiptera,Rhyparochromidae
Hemiptera,Ricaniidae
Hemiptera,Scutelleridae
Hemiptera,Tessaratomidae
Insecta,Hymenoptera
Hymenoptera,Andrenidae
Hymenoptera,Apidae
Hymenoptera,Braconidae
Hymenoptera,Chrysididae
Hymenoptera,Cimbicidae
Hymenoptera,Colletidae
Hymenoptera,Crabronidae
Hymenoptera,Cynipidae
Hymenoptera,Diprionidae
Hymenoptera,Evaniidae
Hymenoptera,Formicidae
Hymenoptera,Halictidae
Hymenoptera,Ichneumonidae
Hymenoptera,Megachilidae
Hymenoptera,Mutillidae
Hymenoptera,Pelecinidae
Hymenoptera,Scoliidae
Hymenoptera,Siricidae
Hymenoptera,Sphecidae
Hymenoptera,Tenthredinidae
Hymenoptera,Thynnidae
Hymenoptera,Vespidae
Insecta,Lepidoptera
Lepidoptera,Adelidae
Lepidoptera,Apatelodidae
Lepidoptera,Attevidae
Lepidoptera,Blastobasidae
Lepidoptera,Cosmopterigidae
Lepidoptera,Cossidae
Lepidoptera,Crambidae
Lepidoptera,Depressariidae
Lepidoptera,Drepanidae
Lepidoptera,Erebidae
Lepidoptera,Euteliidae
Lepidoptera,Gelechiidae
Lepidoptera,Geometridae
Lepidoptera,Gracillariidae
Lepidoptera,Hepialidae
Lepidoptera,Hesperiidae
Lepidoptera,Lacturidae
Lepidoptera,Lasiocampidae
Lepidoptera,Limacodidae
Lepidoptera,Lycaenidae
Lepidoptera,Megalopygidae
Lepidoptera,Noctuidae
Lepidoptera,Nolidae
Lepidoptera,Notodontidae
Lepidoptera,Nymphalidae
Lepidoptera,Oecophoridae
Lepidoptera,Papilionidae
Lepidoptera,Pieridae
Lepidoptera,Plutellidae
Lepidoptera,Psychidae
Lepidoptera,Pterophoridae
Lepidoptera,Pyralidae
Lepidoptera,Riodinidae
Lepidoptera,Saturniidae
Lepidoptera,Scythrididae
Lepidoptera,Sesiidae
Lepidoptera,Sphingidae
Lepidoptera,Thyrididae
Lepidoptera,Tineidae
Lepidoptera,Tortricidae
Lepidoptera,Uraniidae
Lepidoptera,Ypsolophidae
Lepidoptera,Zygaenidae
Insecta,Mantodea
Mantodea,Amelidae
Mantodea,Empusidae
Mantodea,Eremiaphilidae
Mantodea,Mantidae
Mantodea,Miomantidae
Mantodea,Thespidae
Insecta,Mecoptera
Mecoptera,Panorpidae
Insecta,Megaloptera
Megaloptera,Corydalidae
Insecta,Neuroptera
Neuroptera,Chrysopidae
Neuroptera,Hemerobiidae
Neuroptera,Mantispidae
Neuroptera,Myrmeleontidae
Insecta,Odonata
Odonata,Aeshnidae
Odonata,Argiolestidae
Odonata,Calopterygidae
Odonata,Chlorocyphidae
Odonata,Coenagrionidae
Odonata,Cordulegastridae
Odonata,Corduliidae
Odonata,Euphaeidae
Odonata,Gomphidae
Odonata,Lestidae
Odonata,Libellulidae
Odonata,Macromiidae
Odonata,Petaluridae
Odonata,Platycnemididae
Insecta,Orthoptera
Orthoptera,Acrididae
Orthoptera,Anostostomatidae
Orthoptera,Gryllidae
Orthoptera,Pyrgomorphidae
Orthoptera,Rhaphidophoridae
Orthoptera,Romaleidae
Orthoptera,Tettigoniidae
Orthoptera,Trigonidiidae
Insecta,Phasmida
Phasmida,Diapheromeridae
Phasmida,Phasmatidae
Phasmida,Pseudophasmatidae
Insecta,Psocodea
Psocodea,Psocidae
Insecta,Zygentoma
Zygentoma,Lepismatidae
Arthropoda,Malacostraca
Malacostraca,Decapoda
Decapoda,Astacidae
Decapoda,Cambaridae
Decapoda,Cancridae
Decapoda,Carcinidae
Decapoda,Coenobitidae
Decapoda,Epialtidae
Decapoda,Gecarcinidae
Decapoda,Geryonidae
Decapoda,Grapsidae
Decapoda,Hippidae
Decapoda,Nephropidae
Decapoda,Ocypodidae
Decapoda,Paguridae
Decapoda,Palaemonidae
Decapoda,Palinuridae
Decapoda,Plagusiidae
Decapoda,Porcellanidae
Decapoda,Portunidae
Decapoda,Sesarmidae
Decapoda,Stenopodidae
Decapoda,Varunidae
Malacostraca,Isopoda
Isopoda,Armadillidiidae
Isopoda,Ligiidae
Isopoda,Oniscidae
Isopoda,Philosciidae
Isopoda,Porcellionidae
Isopoda,Trachelipodidae
Arthropoda,Merostomata
Merostomata,Xiphosurida
Xiphosurida,Limulidae
Animalia,Chordata
Chordata,Actinopterygii
Actinopterygii,Amiiformes
Amiiformes,Amiidae
Actinopterygii,Anguilliformes
Anguilliformes,Anguillidae
Anguilliformes,Muraenidae
Actinopterygii,Aulopiformes
Aulopiformes,Aulopidae
Actinopterygii,Clupeiformes
Clupeiformes,Clupeidae
Actinopterygii,Cypriniformes
Cypriniformes,Catostomidae
Cypriniformes,Cyprinidae
Actinopterygii,Cyprinodontiformes
Cyprinodontiformes,Cyprinodontidae
Cyprinodontiformes,Fundulidae
Cyprinodontiformes,Poeciliidae
Actinopterygii,Elopiformes
Elopiformes,Megalopidae
Actinopterygii,Esociformes
Esociformes,Esocidae
Actinopterygii,Gasterosteiformes
Gasterosteiformes,Gasterosteidae
Actinopterygii,Gobiesociformes
Gobiesociformes,Gobiesocidae
Actinopterygii,Lepisosteiformes
Lepisosteiformes,Lepisosteidae
Actinopterygii,Mugiliformes
Mugiliformes,Mugilidae
Actinopterygii,Perciformes
Perciformes,Acanthuridae
Perciformes,Apogonidae
Perciformes,Carangidae
Perciformes,Centrarchidae
Perciformes,Chaetodontidae
Perciformes,Cheilodactylidae
Perciformes,Cichlidae
Perciformes,Cirrhitidae
Perciformes,Dinolestidae
Perciformes,Enoplosidae
Perciformes,Girellidae
Perciformes,Gobiidae
Perciformes,Haemulidae
Perciformes,Kyphosidae
Perciformes,Labridae
Perciformes,Lutjanidae
Perciformes,Monodactylidae
Perciformes,Moronidae
Perciformes,Mullidae
Perciformes,Percidae
Perciformes,Plesiopidae
Perciformes,Pomacanthidae
Perciformes,Pomacentridae
Perciformes,Pomatomidae
Perciformes,Scaridae
Perciformes,Sciaenidae
Perciformes,Serranidae
Perciformes,Sparidae
Perciformes,Sphyraenidae
Perciformes,Tripterygiidae
Perciformes,Zanclidae
Actinopterygii,Salmoniformes
Salmoniformes,Salmonidae
Actinopterygii,Scorpaeniformes
Scorpaeniformes,Cottidae
Scorpaeniformes,Platycephalidae
Scorpaeniformes,Scorpaenidae
Actinopterygii,Siluriformes
Siluriformes,Ariidae
Siluriformes,Ictaluridae
Siluriformes,Plotosidae
Actinopterygii,Syngnathiformes
Syngnathiformes,Aulostomidae
Syngnathiformes,Fistulariidae
Syngnathiformes,Syngnathidae
Actinopterygii,Tetraodontiformes
Tetraodontiformes,Aracanidae
Tetraodontiformes,Diodontidae
Tetraodontiformes,Molidae
Tetraodontiformes,Monacanthidae
Tetraodontiformes,Ostraciidae
Tetraodontiformes,Tetraodontidae
Chordata,Amphibia
Amphibia,Anura
Anura,Ascaphidae
Anura,Bombinatoridae
Anura,Bufonidae
Anura,Craugastoridae
Anura,Dendrobatidae
Anura,Dicroglossidae
Anura,Eleutherodactylidae
Anura,Hylidae
Anura,Hyperoliidae
Anura,Leptodactylidae
Anura,Microhylidae
Anura,Pelodryadidae
Anura,Phyllomedusidae
Anura,Pipidae
Anura,Pyxicephalidae
Anura,Ranidae
Anura,Rhacophoridae
Anura,Scaphiopodidae
Amphibia,Caudata
Caudata,Ambystomatidae
Caudata,Hynobiidae
Caudata,Plethodontidae
Caudata,Salamandridae
Chordata,Ascidiacea
Ascidiacea,Stolidobranchia
Stolidobranchia,Styelidae
Chordata,Aves
Aves,Accipitriformes
Accipitriformes,Accipitridae
Accipitriformes,Pandionidae
Accipitriformes,Sagittariidae
Aves,Anseriformes
Anseriformes,Anatidae
Anseriformes,Anhimidae
Anseriformes,Anseranatidae
Aves,Bucerotiformes
Bucerotiformes,Bucerotidae
Bucerotiformes,Bucorvidae
Bucerotiformes,Phoeniculidae
Bucerotiformes,Upupidae
Aves,Caprimulgiformes
Caprimulgiformes,Apodidae
Caprimulgiformes,Caprimulgidae
Caprimulgiformes,Nyctibiidae
Caprimulgiformes,Podargidae
Caprimulgiformes,Trochilidae
Aves,Casuariiformes
Casuariiformes,Casuariidae
Aves,Cathartiformes
Cathartiformes,Cathartidae
Aves,Charadriiformes
Charadriiformes,Alcidae
Charadriiformes,Burhinidae
Charadriiformes,Charadriidae
Charadriiformes,Glareolidae
Charadriiformes,Haematopodidae
Charadriiformes,Jacanidae
Charadriiformes,Laridae
Charadriiformes,Recurvirostridae
Charadriiformes,Rostratulidae
Charadriiformes,Scolopacidae
Charadriiformes,Stercorariidae
Aves,Ciconiiformes
Ciconiiformes,Ciconiidae
Aves,Coliiformes
Coliiformes,Coliidae
Aves,Columbiformes
Columbiformes,Columbidae
Aves,Coraciiformes
Coraciiformes,Alcedinidae
Coraciiformes,Coraciidae
Coraciiformes,Meropidae
Coraciiformes,Momotidae
Aves,Cuculiformes
Cuculiformes,Cuculidae
Aves,Falconiformes
Falconiformes,Falconidae
Aves,Galbuliformes
Galbuliformes,Galbulidae
Aves,Galliformes
Galliformes,Cracidae
Galliformes,Megapodiidae
Galliformes,Numididae
Galliformes,Odontophoridae
Galliformes,Phasianidae
Aves,Gaviiformes
Gaviiformes,Gaviidae
Aves,Gruiformes
Gruiformes,Aramidae
Gruiformes,Gruidae
Gruiformes,Rallidae
Aves,Musophagiformes
Musophagiformes,Musophagidae
Aves,Opisthocomiformes
Opisthocomiformes,Opisthocomidae
Aves,Otidiformes
Otidiformes,Otididae
Aves,Passeriformes
Passeriformes,Acanthisittidae
Passeriformes,Acanthizidae
Passeriformes,Acrocephalidae
Passeriformes,Aegithalidae
Passeriformes,Aegithinidae
Passeriformes,Alaudidae
Passeriformes,Artamidae
Passeriformes,Bombycillidae
Passeriformes,Buphagidae
Passeriformes,Calcariidae
Passeriformes,Callaeidae
Passeriformes,Campephagidae
Passeriformes,Cardinalidae
Passeriformes,Certhiidae
Passeriformes,Cinclidae
Passeriformes,Cisticolidae
Passeriformes,Climacteridae
Passeriformes,Corcoracidae
Passeriformes,Corvidae
Passeriformes,Dicaeidae
Passeriformes,Dicruridae
Passeriformes,Emberizidae
Passeriformes,Estrildidae
Passeriformes,Fringillidae
Passeriformes,Furnariidae
Passeriformes,Hirundinidae
Passeriformes,Icteridae
Passeriformes,Icteriidae
Passeriformes,Laniidae
Passeriformes,Leiothrichidae
Passeriformes,Malaconotidae
Passeriformes,Maluridae
Passeriformes,Meliphagidae
Passeriformes,Menuridae
Passeriformes,Mimidae
Passeriformes,Monarchidae
Passeriformes,Motacillidae
Passeriformes,Muscicapidae
Passeriformes,Nectariniidae
Passeriformes,Oriolidae
Passeriformes,Pachycephalidae
Passeriformes,Panuridae
Passeriformes,Pardalotidae
Passeriformes,Paridae
Passeriformes,Parulidae
Passeriformes,Passerellidae
Passeriformes,Passeridae
Passeriformes,Petroicidae
Passeriformes,Peucedramidae
Passeriformes,Phylloscopidae
Passeriformes,Ploceidae
Passeriformes,Polioptilidae
Passeriformes,Promeropidae
Passeriformes,Prunellidae
Passeriformes,Ptiliogonatidae
Passeriformes,Ptilonorhynchidae
Passeriformes,Pycnonotidae
Passeriformes,Regulidae
Passeriformes,Remizidae
Passeriformes,Rhipiduridae
Passeriformes,Sittidae
Passeriformes,Sturnidae
Passeriformes,Sylviidae
Passeriformes,Thamnophilidae
Passeriformes,Thraupidae
Passeriformes,Tityridae
Passeriformes,Troglodytidae
Passeriformes,Turdidae
Passeriformes,Tyrannidae
Passeriformes,Viduidae
Passeriformes,Vireonidae
Passeriformes,Zosteropidae
Aves,Pelecaniformes
Pelecaniformes,Ardeidae
Pelecaniformes,Pelecanidae
Pelecaniformes,Scopidae
Pelecaniformes,Threskiornithidae
Aves,Phoenicopteriformes
Phoenicopteriformes,Phoenicopteridae
Aves,Piciformes
Piciformes,Lybiidae
Piciformes,Megalaimidae
Piciformes,Picidae
Piciformes,Ramphastidae
Aves,Podicipediformes
Podicipediformes,Podicipedidae
Aves,Procellariiformes
Procellariiformes,Diomedeidae
Procellariiformes,Procellariidae
Aves,Psittaciformes
Psittaciformes,Cacatuidae
Psittaciformes,Psittacidae
Psittaciformes,Psittaculidae
Psittaciformes,Strigopidae
Aves,Sphenisciformes
Sphenisciformes,Spheniscidae
Aves,Strigiformes
Strigiformes,Strigidae
Strigiformes,Tytonidae
Aves,Struthioniformes
Struthioniformes,Struthionidae
Aves,Suliformes
Suliformes,Anhingidae
Suliformes,Fregatidae
Suliformes,Phalacrocoracidae
Suliformes,Sulidae
Aves,Trogoniformes
Trogoniformes,Trogonidae
Chordata,Elasmobranchii
Elasmobranchii,Carcharhiniformes
Carcharhiniformes,Carcharhinidae
Carcharhiniformes,Triakidae
Elasmobranchii,Heterodontiformes
Heterodontiformes,Heterodontidae
Elasmobranchii,Lamniformes
Lamniformes,Odontaspididae
Elasmobranchii,Myliobatiformes
Myliobatiformes,Aetobatidae
Myliobatiformes,Dasyatidae
Myliobatiformes,Myliobatidae
Myliobatiformes,Urolophidae
Myliobatiformes,Urotrygonidae
Elasmobranchii,Orectolobiformes
Orectolobiformes,Ginglymostomatidae
Orectolobiformes,Orectolobidae
Elasmobranchii,Rhinopristiformes
Rhinopristiformes,Trygonorrhinidae
Chordata,Mammalia
Mammalia,Artiodactyla
Artiodactyla,Antilocapridae
Artiodactyla,Balaenopteridae
Artiodactyla,Bovidae
Artiodactyla,Camelidae
Artiodactyla,Cervidae
Artiodactyla,Delphinidae
Artiodactyla,Eschrichtiidae
Artiodactyla,Giraffidae
Artiodactyla,Hippopotamidae
Artiodactyla,Phocoenidae
Artiodactyla,Suidae
Artiodactyla,Tayassuidae
Mammalia,Carnivora
Carnivora,Canidae
Carnivora,Felidae
Carnivora,Herpestidae
Carnivora,Hyaenidae
Carnivora,Mephitidae
Carnivora,Mustelidae
Carnivora,Otariidae
Carnivora,Phocidae
Carnivora,Procyonidae
Carnivora,Ursidae
Mammalia,Chiroptera
Chiroptera,Emballonuridae
Chiroptera,Molossidae
Chiroptera,Pteropodidae
Chiroptera,Vespertilionidae
Mammalia,Cingulata
Cingulata,Dasypodidae
Mammalia,Dermoptera
Dermoptera,Cynocephalidae
Mammalia,Didelphimorphia
Didelphimorphia,Didelphidae
Mammalia,Diprotodontia
Diprotodontia,Macropodidae
Diprotodontia,Phalangeridae
Diprotodontia,Phascolarctidae
Diprotodontia,Pseudocheiridae
Diprotodontia,Vombatidae
Mammalia,Eulipotyphla
Eulipotyphla,Erinaceidae
Eulipotyphla,Soricidae
Eulipotyphla,Talpidae
Mammalia,Hyracoidea
Hyracoidea,Procaviidae
Mammalia,Lagomorpha
Lagomorpha,Leporidae
Lagomorpha,Ochotonidae
Mammalia,Monotremata
Monotremata,Ornithorhynchidae
Monotremata,Tachyglossidae
Mammalia,Perissodactyla
Perissodactyla,Equidae
Perissodactyla,Rhinocerotidae
Perissodactyla,Tapiridae
Mammalia,Pilosa
Pilosa,Bradypodidae
Pilosa,Megalonychidae
Pilosa,Myrmecophagidae
Mammalia,Primates
Primates,Atelidae
Primates,Cebidae
Primates,Cercopithecidae
Mammalia,Mammalia/Proboscidea
Mammalia/Proboscidea,Elephantidae
Mammalia,Rodentia
Rodentia,Castoridae
Rodentia,Caviidae
Rodentia,Chinchillidae
Rodentia,Cricetidae
Rodentia,Dasyproctidae
Rodentia,Echimyidae
Rodentia,Erethizontidae
Rodentia,Geomyidae
Rodentia,Hystricidae
Rodentia,Muridae
Rodentia,Sciuridae
Mammalia,Sirenia
Sirenia,Trichechidae
Chordata,Reptilia
Reptilia,Crocodylia
Crocodylia,Alligatoridae
Crocodylia,Crocodylidae
Reptilia,Rhynchocephalia
Rhynchocephalia,Sphenodontidae
Reptilia,Squamata
Squamata,Agamidae
Squamata,Anguidae
Squamata,Boidae
Squamata,Chamaeleonidae
Squamata,Colubridae
Squamata,Cordylidae
Squamata,Corytophanidae
Squamata,Crotaphytidae
Squamata,Dactyloidae
Squamata,Diplodactylidae
Squamata,Elapidae
Squamata,Eublepharidae
Squamata,Gekkonidae
Squamata,Helodermatidae
Squamata,Iguanidae
Squamata,Lacertidae
Squamata,Lamprophiidae
Squamata,Leiocephalidae
Squamata,Leptotyphlopidae
Squamata,Liolaemidae
Squamata,Phrynosomatidae
Squamata,Phyllodactylidae
Squamata,Pythonidae
Squamata,Scincidae
Squamata,Sphaerodactylidae
Squamata,Teiidae
Squamata,Typhlopidae
Squamata,Varanidae
Squamata,Viperidae
Reptilia,Testudines
Testudines,Chelidae
Testudines,Cheloniidae
Testudines,Chelydridae
Testudines,Emydidae
Testudines,Geoemydidae
Testudines,Kinosternidae
Testudines,Testudinidae
Testudines,Trionychidae
Animalia,Cnidaria
Cnidaria,Anthozoa
Anthozoa,Actiniaria
Actiniaria,Actiniidae
Actiniaria,Diadumenidae
Actiniaria,Metridiidae
Actiniaria,Sagartiidae
Anthozoa,Corallimorpharia
Corallimorpharia,Corallimorphidae
Cnidaria,Hydrozoa
Hydrozoa,Anthoathecata
Anthoathecata,Porpitidae
Hydrozoa,Siphonophorae
Siphonophorae,Physaliidae
Cnidaria,Scyphozoa
Scyphozoa,Rhizostomeae
Rhizostomeae,Stomolophidae
Scyphozoa,Semaeostomeae
Semaeostomeae,Cyaneidae
Semaeostomeae,Pelagiidae
Semaeostomeae,Phacellophoridae
Semaeostomeae,Ulmaridae
Animalia,Echinodermata
Echinodermata,Asteroidea
Asteroidea,Forcipulatida
Forcipulatida,Asteriidae
Asteroidea,Spinulosida
Spinulosida,Echinasteridae
Asteroidea,Valvatida
Valvatida,Asterinidae
Valvatida,Asteropseidae
Valvatida,Oreasteridae
Echinodermata,Echinoidea
Echinoidea,Camarodonta
Camarodonta,Echinometridae
Camarodonta,Strongylocentrotidae
Echinoidea,Clypeasteroida
Clypeasteroida,Dendrasteridae
Clypeasteroida,Mellitidae
Echinodermata,Holothuroidea
Holothuroidea,Dendrochirotida
Dendrochirotida,Cucumariidae
Holothuroidea,Synallactida
Synallactida,Stichopodidae
Echinodermata,Ophiuroidea
Ophiuroidea,Amphilepidida
Amphilepidida,Ophiotrichidae
Animalia,Mollusca
Mollusca,Bivalvia
Bivalvia,Adapedonta
Adapedonta,Pharidae
Bivalvia,Cardiida
Cardiida,Cardiidae
Cardiida,Donacidae
Bivalvia,Myida
Myida,Dreissenidae
Myida,Myidae
Myida,Pholadidae
Bivalvia,Mytilida
Mytilida,Mytilidae
Bivalvia,Ostreida
Ostreida,Ostreidae
Bivalvia,Pectinida
Pectinida,Anomiidae
Pectinida,Pectinidae
Bivalvia,Unionida
Unionida,Unionidae
Bivalvia,Venerida
Venerida,Cyrenidae
Venerida,Mactridae
Venerida,Veneridae
Mollusca,Cephalopoda
Cephalopoda,Octopoda
Octopoda,Octopodidae
Cephalopoda,Sepiida
Sepiida,Sepiidae
Cephalopoda,Spirulida
Spirulida,Spirulidae
Mollusca,Gastropoda
Gastropoda,Aplysiida
Aplysiida,Aplysiidae
Gastropoda,Architaenioglossa
Architaenioglossa,Ampullariidae
Architaenioglossa,Viviparidae
Gastropoda,Cephalaspidea
Cephalaspidea,Aglajidae
Gastropoda,Cycloneritida
Cycloneritida,Helicinidae
Gastropoda,Lepetellida
Lepetellida,Fissurellidae
Gastropoda,Littorinimorpha
Littorinimorpha,Calyptraeidae
Littorinimorpha,Littorinidae
Littorinimorpha,Naticidae
Littorinimorpha,Pomatiidae
Littorinimorpha,Strombidae
Littorinimorpha,Struthiolariidae
Littorinimorpha,Vermetidae
Gastropoda,Neogastropoda
Neogastropoda,Buccinidae
Neogastropoda,Conidae
Neogastropoda,Muricidae
Neogastropoda,Nassariidae
Neogastropoda,Olividae
Neogastropoda,Volutidae
Gastropoda,Nudibranchia
Nudibranchia,Aeolidiidae
Nudibranchia,Cadlinidae
Nudibranchia,Chromodorididae
Nudibranchia,Coryphellidae
Nudibranchia,Dendrodorididae
Nudibranchia,Dendronotidae
Nudibranchia,Dironidae
Nudibranchia,Discodorididae
Nudibranchia,Dorididae
Nudibranchia,Facelinidae
Nudibranchia,Flabellinopsidae
Nudibranchia,Goniodorididae
Nudibranchia,Myrrhinidae
Nudibranchia,Onchidorididae
Nudibranchia,Phyllidiidae
Nudibranchia,Polyceridae
Gastropoda,Stylommatophora
Stylommatophora,Achatinidae
Stylommatophora,Agriolimacidae
Stylommatophora,Ariolimacidae
Stylommatophora,Arionidae
Stylommatophora,Ariophantidae
Stylommatophora,Camaenidae
Stylommatophora,Cochlicopidae
Stylommatophora,Discidae
Stylommatophora,Geomitridae
Stylommatophora,Haplotrematidae
Stylommatophora,Helicidae
Stylommatophora,Limacidae
Stylommatophora,Milacidae
Stylommatophora,Orthalicidae
Stylommatophora,Oxychilidae
Stylommatophora,Philomycidae
Stylommatophora,Polygyridae
Stylommatophora,Spiraxidae
Stylommatophora,Xanthonychidae
Stylommatophora,Zachrysiidae
Gastropoda,Systellommatophora
Systellommatophora,Veronicellidae
Gastropoda,Trochida
Trochida,Calliostomatidae
Trochida,Tegulidae
Trochida,Trochidae
Trochida,Turbinidae
Mollusca,Polyplacophora
Polyplacophora,Chitonida
Chitonida,Acanthochitonidae
Chitonida,Chitonidae
Chitonida,Mopaliidae
Chitonida,Tonicellidae
Life,Fungi
Fungi,Ascomycota
Ascomycota,Arthoniomycetes
Arthoniomycetes,Arthoniales
Arthoniales,Arthoniaceae
Arthoniales,Chrysothricaceae
Ascomycota,Dothideomycetes
Dothideomycetes,Venturiales
Venturiales,Venturiaceae
Ascomycota,Lecanoromycetes
Lecanoromycetes,Acarosporales
Acarosporales,Acarosporaceae
Lecanoromycetes,Caliciales
Caliciales,Physciaceae
Lecanoromycetes,Candelariales
Candelariales,Candelariaceae
Lecanoromycetes,Lecanorales
Lecanorales,Cladoniaceae
Lecanorales,Lecanoraceae
Lecanorales,Parmeliaceae
Lecanorales,Ramalinaceae
Lecanoromycetes,Lecideales
Lecideales,Lecideaceae
Lecanoromycetes,Ostropales
Ostropales,Graphidaceae
Ostropales,Phlyctidaceae
Lecanoromycetes,Peltigerales
Peltigerales,Lobariaceae
Peltigerales,Peltigeraceae
Lecanoromycetes,Pertusariales
Pertusariales,Icmadophilaceae
Lecanoromycetes,Rhizocarpales
Rhizocarpales,Rhizocarpaceae
Lecanoromycetes,Teloschistales
Teloschistales,Teloschistaceae
Lecanoromycetes,Umbilicariales
Umbilicariales,Umbilicariaceae
Ascomycota,Leotiomycetes
Leotiomycetes,Helotiales
Helotiales,Chlorociboriaceae
Helotiales,Gelatinodiscaceae
Helotiales,Pezizellaceae
Leotiomycetes,Leotiales
Leotiales,Leotiaceae
Leotiomycetes,Phacidiales
Phacidiales,Phacidiaceae
Leotiomycetes,Rhytismatales
Rhytismatales,Rhytismataceae
Ascomycota,Pezizomycetes
Pezizomycetes,Pezizales
Pezizales,Caloscyphaceae
Pezizales,Discinaceae
Pezizales,Helvellaceae
Pezizales,Morchellaceae
Pezizales,Pyronemataceae
Pezizales,Sarcoscyphaceae
Pezizales,Sarcosomataceae
Ascomycota,Sordariomycetes
Sordariomycetes,Hypocreales
Hypocreales,Hypocreaceae
Hypocreales,Nectriaceae
Sordariomycetes,Xylariales
Xylariales,Hypoxylaceae
Xylariales,Xylariaceae
Fungi,Basidiomycota
Basidiomycota,Agaricomycetes
Agaricomycetes,Agaricales
Agaricales,Agaricaceae
Agaricales,Amanitaceae
Agaricales,Bolbitiaceae
Agaricales,Clavariaceae
Agaricales,Cortinariaceae
Agaricales,Crepidotaceae
Agaricales,Cyphellaceae
Agaricales,Entolomataceae
Agaricales,Fistulinaceae
Agaricales,Hydnangiaceae
Agaricales,Hygrophoraceae
Agaricales,Hymenogastraceae
Agaricales,Lycoperdaceae
Agaricales,Marasmiaceae
Agaricales,Mycenaceae
Agaricales,Nidulariaceae
Agaricales,Omphalotaceae
Agaricales,Physalacriaceae
Agaricales,Pleurotaceae
Agaricales,Pluteaceae
Agaricales,Porotheleaceae
Agaricales,Psathyrellaceae
Agaricales,Schizophyllaceae
Agaricales,Strophariaceae
Agaricales,Tricholomataceae
Agaricales,Tubariaceae
Agaricales,Typhulaceae
Agaricomycetes,Auriculariales
Auriculariales,Auriculariaceae
Auriculariales,Hyaloriaceae
Agaricomycetes,Boletales
Boletales,Astraeaceae
Boletales,Boletaceae
Boletales,Boletinellaceae
Boletales,Hygrophoropsidaceae
Boletales,Paxillaceae
Boletales,Pisolithaceae
Boletales,Sclerodermataceae
Boletales,Suillaceae
Boletales,Tapinellaceae
Agaricomycetes,Cantharellales
Cantharellales,Cantharellaceae
Cantharellales,Clavulinaceae
Agaricomycetes,Geastrales
Geastrales,Geastraceae
Agaricomycetes,Gloeophyllales
Gloeophyllales,Gloeophyllaceae
Agaricomycetes,Gomphales
Gomphales,Gomphaceae
Agaricomycetes,Hymenochaetales
Hymenochaetales,Hymenochaetaceae
Hymenochaetales,Rickenellaceae
Agaricomycetes,Phallales
Phallales,Phallaceae
Agaricomycetes,Polyporales
Polyporales,Fomitopsidaceae
Polyporales,Irpicaceae
Polyporales,Laetiporaceae
Polyporales,Meripilaceae
Polyporales,Meruliaceae
Polyporales,Phanerochaetaceae
Polyporales,Polyporaceae
Polyporales,Sparassidaceae
Agaricomycetes,Russulales
Russulales,Auriscalpiaceae
Russulales,Bondarzewiaceae
Russulales,Hericiaceae
Russulales,Russulaceae
Russulales,Stereaceae
Agaricomycetes,Sebacinales
Sebacinales,Sebacinaceae
Agaricomycetes,Thelephorales
Thelephorales,Bankeraceae
Basidiomycota,Dacrymycetes
Dacrymycetes,Dacrymycetales
Dacrymycetales,Dacrymycetaceae
Basidiomycota,Pucciniomycetes
Pucciniomycetes,Pucciniales
Pucciniales,Pucciniaceae
Basidiomycota,Tremellomycetes
Tremellomycetes,Tremellales
Tremellales,Naemateliaceae
Tremellales,Phaeotremellaceae
Tremellales,Tremellaceae
Life,Plantae
Plantae,Bryophyta
Bryophyta,Bryopsida
Bryopsida,Bryales
Bryales,Bryaceae
Bryales,Mniaceae
Bryopsida,Dicranales
Dicranales,Dicranaceae
Dicranales,Ditrichaceae
Dicranales,Leucobryaceae
Bryopsida,Funariales
Funariales,Funariaceae
Bryopsida,Grimmiales
Grimmiales,Grimmiaceae
Bryopsida,Hedwigiales
Hedwigiales,Hedwigiaceae
Bryopsida,Hypnales
Hypnales,Anomodontaceae
Hypnales,Brachytheciaceae
Hypnales,Hylocomiaceae
Hypnales,Hypnaceae
Hypnales,Lembophyllaceae
Hypnales,Leucodontaceae
Hypnales,Neckeraceae
Hypnales,Plagiotheciaceae
Hypnales,Pylaisiaceae
Hypnales,Thuidiaceae
Bryopsida,Pottiales
Pottiales,Pottiaceae
Bryophyta,Polytrichopsida
Polytrichopsida,Polytrichales
Polytrichales,Polytrichaceae
Bryophyta,Sphagnopsida
Sphagnopsida,Sphagnales
Sphagnales,Sphagnaceae
Plantae,Chlorophyta
Chlorophyta,Ulvophyceae
Ulvophyceae,Bryopsidales
Bryopsidales,Codiaceae
Ulvophyceae,Cladophorales
Cladophorales,Cladophoraceae
Ulvophyceae,Ulvales
Ulvales,Ulvaceae
Plantae,Marchantiophyta
Marchantiophyta,Jungermanniopsida
Jungermanniopsida,Jungermanniales
Jungermanniales,Lepidoziaceae
Jungermanniopsida,Porellales
Porellales,Radulaceae
Marchantiophyta,Marchantiopsida
Marchantiopsida,Lunulariales
Lunulariales,Lunulariaceae
Marchantiopsida,Marchantiales
Marchantiales,Conocephalaceae
Marchantiales,Marchantiaceae
Marchantiales,Rebouliaceae
Plantae,Rhodophyta
Rhodophyta,Florideophyceae
Florideophyceae,Ceramiales
Ceramiales,Rhodomelaceae
Florideophyceae,Corallinales
Corallinales,Corallinaceae
Florideophyceae,Gigartinales
Gigartinales,Endocladiaceae
Gigartinales,Gigartinaceae
Gigartinales,Phyllophoraceae
Florideophyceae,Palmariales
Palmariales,Palmariaceae
Plantae,Tracheophyta
Tracheophyta,Cycadopsida
Cycadopsida,Cycadales
Cycadales,Zamiaceae
Tracheophyta,Gnetopsida
Gnetopsida,Ephedrales
Ephedrales,Ephedraceae
Tracheophyta,Liliopsida
Liliopsida,Acorales
Acorales,Acoraceae
Liliopsida,Alismatales
Alismatales,Alismataceae
Alismatales,Araceae
Alismatales,Butomaceae
Alismatales,Hydrocharitaceae
Alismatales,Juncaginaceae
Alismatales,Potamogetonaceae
Alismatales,Scheuchzeriaceae
Alismatales,Tofieldiaceae
Alismatales,Zosteraceae
Liliopsida,Arecales
Arecales,Arecaceae
Liliopsida,Asparagales
Asparagales,Amaryllidaceae
Asparagales,Asparagaceae
Asparagales,Asphodelaceae
Asparagales,Asteliaceae
Asparagales,Hypoxidaceae
Asparagales,Iridaceae
Asparagales,Orchidaceae
Liliopsida,Commelinales
Commelinales,Commelinaceae
Commelinales,Haemodoraceae
Commelinales,Pontederiaceae
Liliopsida,Dioscoreales
Dioscoreales,Dioscoreaceae
Dioscoreales,Nartheciaceae
Liliopsida,Liliales
Liliales,Colchicaceae
Liliales,Liliaceae
Liliales,Melanthiaceae
Liliales,Ripogonaceae
Liliales,Smilacaceae
Liliopsida,Pandanales
Pandanales,Pandanaceae
Liliopsida,Poales
Poales,Bromeliaceae
Poales,Cyperaceae
Poales,Eriocaulaceae
Poales,Juncaceae
Poales,Poaceae
Poales,Restionaceae
Poales,Typhaceae
Liliopsida,Zingiberales
Zingiberales,Cannaceae
Zingiberales,Costaceae
Zingiberales,Heliconiaceae
Zingiberales,Marantaceae
Zingiberales,Musaceae
Zingiberales,Zingiberaceae
Tracheophyta,Lycopodiopsida
Lycopodiopsida,Lycopodiales
Lycopodiales,Lycopodiaceae
Lycopodiopsida,Selaginellales
Selaginellales,Selaginellaceae
Tracheophyta,Magnoliopsida
Magnoliopsida,Apiales
Apiales,Apiaceae
Apiales,Araliaceae
Apiales,Griseliniaceae
Apiales,Pennantiaceae
Apiales,Pittosporaceae
Magnoliopsida,Aquifoliales
Aquifoliales,Aquifoliaceae
Magnoliopsida,Asterales
Asterales,Alseuosmiaceae
Asterales,Argophyllaceae
Asterales,Asteraceae
Asterales,Campanulaceae
Asterales,Goodeniaceae
Asterales,Menyanthaceae
Asterales,Rousseaceae
Magnoliopsida,Boraginales
Boraginales,Boraginaceae
Magnoliopsida,Brassicales
Brassicales,Bataceae
Brassicales,Brassicaceae
Brassicales,Capparaceae
Brassicales,Caricaceae
Brassicales,Cleomaceae
Brassicales,Koeberliniaceae
Brassicales,Limnanthaceae
Brassicales,Resedaceae
Brassicales,Tropaeolaceae
Magnoliopsida,Bruniales
Bruniales,Bruniaceae
Magnoliopsida,Buxales
Buxales,Buxaceae
Magnoliopsida,Canellales
Canellales,Winteraceae
Magnoliopsida,Caryophyllales
Caryophyllales,Aizoaceae
Caryophyllales,Amaranthaceae
Caryophyllales,Basellaceae
Caryophyllales,Cactaceae
Caryophyllales,Caryophyllaceae
Caryophyllales,Didiereaceae
Caryophyllales,Droseraceae
Caryophyllales,Frankeniaceae
Caryophyllales,Molluginaceae
Caryophyllales,Montiaceae
Caryophyllales,Nyctaginaceae
Caryophyllales,Petiveriaceae
Caryophyllales,Phytolaccaceae
Caryophyllales,Plumbaginaceae
Caryophyllales,Polygonaceae
Caryophyllales,Portulacaceae
Caryophyllales,Sarcobataceae
Caryophyllales,Simmondsiaceae
Caryophyllales,Talinaceae
Caryophyllales,Tamaricaceae
Magnoliopsida,Celastrales
Celastrales,Celastraceae
Magnoliopsida,Ceratophyllales
Ceratophyllales,Ceratophyllaceae
Magnoliopsida,Cornales
Cornales,Cornaceae
Cornales,Hydrangeaceae
Cornales,Loasaceae
Cornales,Nyssaceae
Magnoliopsida,Crossosomatales
Crossosomatales,Staphyleaceae
Magnoliopsida,Cucurbitales
Cucurbitales,Coriariaceae
Cucurbitales,Corynocarpaceae
Cucurbitales,Cucurbitaceae
Magnoliopsida,Dipsacales
Dipsacales,Caprifoliaceae
Dipsacales,Viburnaceae
Magnoliopsida,Ericales
Ericales,Balsaminaceae
Ericales,Clethraceae
Ericales,Cyrillaceae
Ericales,Diapensiaceae
Ericales,Ebenaceae
Ericales,Ericaceae
Ericales,Fouquieriaceae
Ericales,Polemoniaceae
Ericales,Primulaceae
Ericales,Sapotaceae
Ericales,Sarraceniaceae
Ericales,Symplocaceae
Magnoliopsida,Fabales
Fabales,Fabaceae
Fabales,Polygalaceae
Magnoliopsida,Fagales
Fagales,Betulaceae
Fagales,Casuarinaceae
Fagales,Fagaceae
Fagales,Juglandaceae
Fagales,Myricaceae
Fagales,Nothofagaceae
Magnoliopsida,Garryales
Garryales,Garryaceae
Magnoliopsida,Gentianales
Gentianales,Apocynaceae
Gentianales,Gelsemiaceae
Gentianales,Gentianaceae
Gentianales,Loganiaceae
Gentianales,Rubiaceae
Magnoliopsida,Geraniales
Geraniales,Geraniaceae
Magnoliopsida,Gunnerales
Gunnerales,Gunneraceae
Magnoliopsida,Lamiales
Lamiales,Acanthaceae
Lamiales,Bignoniaceae
Lamiales,Gesneriaceae
Lamiales,Lamiaceae
Lamiales,Lentibulariaceae
Lamiales,Linderniaceae
Lamiales,Martyniaceae
Lamiales,Mazaceae
Lamiales,Oleaceae
Lamiales,Orobanchaceae
Lamiales,Paulowniaceae
Lamiales,Phrymaceae
Lamiales,Plantaginaceae
Lamiales,Scrophulariaceae
Lamiales,Stilbaceae
Lamiales,Tetrachondraceae
Lamiales,Verbenaceae
Magnoliopsida,Laurales
Laurales,Atherospermataceae
Laurales,Calycanthaceae
Laurales,Lauraceae
Laurales,Monimiaceae
Magnoliopsida,Magnoliales
Magnoliales,Annonaceae
Magnoliales,Magnoliaceae
Magnoliopsida,Malpighiales
Malpighiales,Chrysobalanaceae
Malpighiales,Euphorbiaceae
Malpighiales,Hypericaceae
Malpighiales,Linaceae
Malpighiales,Malpighiaceae
Malpighiales,Passifloraceae
Malpighiales,Phyllanthaceae
Malpighiales,Rhizophoraceae
Malpighiales,Salicaceae
Malpighiales,Violaceae
Magnoliopsida,Malvales
Malvales,Bixaceae
Malvales,Cistaceae
Malvales,Malvaceae
Malvales,Muntingiaceae
Malvales,Thymelaeaceae
Magnoliopsida,Myrtales
Myrtales,Combretaceae
Myrtales,Lythraceae
Myrtales,Melastomataceae
Myrtales,Myrtaceae
Myrtales,Onagraceae
Myrtales,Penaeaceae
Magnoliopsida,Nymphaeales
Nymphaeales,Cabombaceae
Nymphaeales,Nymphaeaceae
Magnoliopsida,Oxalidales
Oxalidales,Cunoniaceae
Oxalidales,Elaeocarpaceae
Oxalidales,Oxalidaceae
Magnoliopsida,Piperales
Piperales,Aristolochiaceae
Piperales,Piperaceae
Piperales,Saururaceae
Magnoliopsida,Proteales
Proteales,Nelumbonaceae
Proteales,Platanaceae
Proteales,Proteaceae
Magnoliopsida,Ranunculales
Ranunculales,Berberidaceae
Ranunculales,Menispermaceae
Ranunculales,Papaveraceae
Ranunculales,Ranunculaceae
Magnoliopsida,Rosales
Rosales,Cannabaceae
Rosales,Elaeagnaceae
Rosales,Moraceae
Rosales,Rhamnaceae
Rosales,Rosaceae
Rosales,Ulmaceae
Rosales,Urticaceae
Magnoliopsida,Santalales
Santalales,Loranthaceae
Santalales,Santalaceae
Magnoliopsida,Sapindales
Sapindales,Anacardiaceae
Sapindales,Burseraceae
Sapindales,Meliaceae
Sapindales,Rutaceae
Sapindales,Sapindaceae
Sapindales,Simaroubaceae
Magnoliopsida,Saxifragales
Saxifragales,Altingiaceae
Saxifragales,Crassulaceae
Saxifragales,Grossulariaceae
Saxifragales,Haloragaceae
Saxifragales,Hamamelidaceae
Saxifragales,Iteaceae
Saxifragales,Paeoniaceae
Saxifragales,Penthoraceae
Saxifragales,Saxifragaceae
Magnoliopsida,Solanales
Solanales,Convolvulaceae
Solanales,Hydroleaceae
Solanales,Montiniaceae
Solanales,Solanaceae
Magnoliopsida,Vitales
Vitales,Vitaceae
Magnoliopsida,Zygophyllales
Zygophyllales,Krameriaceae
Zygophyllales,Zygophyllaceae
Tracheophyta,Pinopsida
Pinopsida,Pinales
Pinales,Araucariaceae
Pinales,Cupressaceae
Pinales,Pinaceae
Pinales,Podocarpaceae
Pinales,Taxaceae
Tracheophyta,Polypodiopsida
Polypodiopsida,Cyatheales
Cyatheales,Cyatheaceae
Cyatheales,Dicksoniaceae
Polypodiopsida,Equisetales
Equisetales,Equisetaceae
Polypodiopsida,Gleicheniales
Gleicheniales,Gleicheniaceae
Polypodiopsida,Hymenophyllales
Hymenophyllales,Hymenophyllaceae
Polypodiopsida,Ophioglossales
Ophioglossales,Ophioglossaceae
Polypodiopsida,Osmundales
Osmundales,Osmundaceae
Polypodiopsida,Polypodiales
Polypodiales,Aspleniaceae
Polypodiales,Athyriaceae
Polypodiales,Blechnaceae
Polypodiales,Cystopteridaceae
Polypodiales,Dennstaedtiaceae
Polypodiales,Diplaziopsidaceae
Polypodiales,Dryopteridaceae
Polypodiales,Nephrolepidaceae
Polypodiales,Onocleaceae
Polypodiales,Polypodiaceae
Polypodiales,Pteridaceae
Polypodiales,Thelypteridaceae
Polypodiales,Woodsiaceae
Polypodiopsida,Psilotales
Psilotales,Psilotaceae
Polypodiopsida,Salviniales
Salviniales,Salviniaceae
Polypodiopsida,Schizaeales
Schizaeales,Lygodiaceae
